product_id,product_category_name,month_year,qty,total_price,freight_price,unit_price,product_name_lenght,product_description_lenght,product_photos_qty,product_weight_g,product_score,customers,weekday,weekend,holiday,month,year,s,volume,comp_1,ps1,fp1,comp_2,ps2,fp2,comp_3,ps3,fp3,lag_price,calculated_total_price,calculated_lag_price,previous_date,month_gap,price_change,price_change_pct,price_direction,previous_qty,qty_change,qty_change_pct,comp_1_gap,comp_2_gap,comp_3_gap,comp_1_position,comp_2_position,comp_3_position
bed1,bed_bath_table,2017-05-01,1,45.95,15.1,45.95,39,161,2,350,4.0,57,23,8,1,5,2017,10.26739356,3800,89.9,3.9,15.01189655,215.0,4.4,8.76,45.95,4.0,15.1,45.9,45.95,,,,,,First Observation,,,,-43.95,-169.05,0.0,Below,Below,Equal
bed1,bed_bath_table,2017-06-01,3,137.85,12.93333333,45.95,39,161,2,350,4.0,61,22,8,1,6,2017,6.503115265,3800,89.9,3.9,14.76921569,209.0,4.4,21.322,45.95,4.0,12.93333333,45.95,137.85000000000002,45.95,2017-05-01,1.0,0.0,0.0,No Change,1.0,2.0,200.0,-43.95,-163.05,0.0,Below,Below,Equal
bed1,bed_bath_table,2017-07-01,6,275.7,14.84,45.95,39,161,2,350,4.0,123,21,10,1,7,2017,12.07165109,3800,89.9,3.9,13.99383333,205.0,4.4,22.1959322,45.95,4.0,14.84,45.95,275.70000000000005,45.95,2017-06-01,1.0,0.0,0.0,No Change,3.0,3.0,100.0,-43.95,-159.05,0.0,Below,Below,Equal
bed1,bed_bath_table,2017-08-01,4,183.8,14.2875,45.95,39,161,2,350,4.0,90,23,8,1,8,2017,9.293873313,3800,89.9,3.9,14.65675676,199.5098039,4.4,19.41288462,45.95,4.0,14.2875,45.95,183.8,45.95,2017-07-01,1.0,0.0,0.0,No Change,6.0,-2.0,-33.33333333333333,-43.95,-153.55980390000002,0.0,Below,Below,Equal
bed1,bed_bath_table,2017-09-01,2,91.9,15.1,45.95,39,161,2,350,4.0,54,21,9,1,9,2017,5.555555556,3800,89.9,3.9,18.77652174,163.3987097,4.4,24.3246875,45.95,4.0,15.1,45.95,91.9,45.95,2017-08-01,1.0,0.0,0.0,No Change,4.0,-2.0,-50.0,-43.95,-117.44870970000001,0.0,Below,Below,Equal
bed1,bed_bath_table,2017-10-01,3,137.85,15.1,45.95,39,161,2,350,4.0,50,22,9,2,10,2017,8.333333333,3800,89.9,3.9,21.57214286,45.95,4.0,15.1,45.95,4.0,15.1,45.95,137.85000000000002,45.95,2017-09-01,1.0,0.0,0.0,No Change,2.0,1.0,50.0,-43.95,0.0,0.0,Below,Equal,Equal
bed1,bed_bath_table,2017-11-01,11,445.85,15.83272727,40.53181818,39,161,2,350,4.0,97,22,8,4,11,2017,30.55555556,3800,89.9,3.9,16.294,40.53181818,4.0,15.83272727,40.53181818,4.0,15.83272727,45.95,445.84999998,45.95,2017-10-01,1.0,-5.418181820000001,-11.791472948857455,Decrease,3.0,8.0,266.66666666666663,-49.368181820000004,0.0,0.0,Below,Equal,Equal
bed1,bed_bath_table,2017-12-01,6,239.94,15.23,39.99,39,161,2,350,4.0,41,21,10,1,12,2017,16.66666667,3800,88.48823529,3.9,18.89833333,39.99,4.0,15.23,39.99,4.0,15.23,40.53181818,239.94,40.53181818,2017-11-01,1.0,-0.5418181799999999,-1.3367724526785587,Decrease,11.0,-5.0,-45.45454545454545,-48.498235290000004,0.0,0.0,Below,Equal,Equal
bed1,bed_bath_table,2018-01-01,19,759.81,16.53368421,39.99,39,161,2,350,4.0,62,23,8,2,1,2018,17.75700935,3800,86.9,3.9,19.38352941,39.99,4.0,16.53368421,39.99,4.0,16.53368421,39.99,759.8100000000001,39.99,2017-12-01,1.0,0.0,0.0,No Change,6.0,13.0,216.66666666666666,-46.910000000000004,0.0,0.0,Below,Equal,Equal
bed1,bed_bath_table,2018-02-01,18,719.82,13.74944444,39.99,39,161,2,350,4.0,62,20,8,2,2,2018,16.82242991,3800,86.9,3.9,19.20909091,39.99,4.0,13.74944444,39.99,4.0,13.74944444,39.99,719.82,39.99,2018-01-01,1.0,0.0,0.0,No Change,19.0,-1.0,-5.263157894736842,-46.910000000000004,0.0,0.0,Below,Equal,Equal
bed1,bed_bath_table,2018-03-01,17,679.83,16.46235294,39.99,39,161,2,350,4.0,43,22,9,1,3,2018,15.88785047,3800,86.9,3.9,19.98235294,39.99,4.0,16.46235294,39.99,4.0,16.46235294,39.99,679.83,39.99,2018-02-01,1.0,0.0,0.0,No Change,18.0,-1.0,-5.555555555555555,-46.910000000000004,0.0,0.0,Below,Equal,Equal
bed1,bed_bath_table,2018-04-01,13,519.87,14.23615385,39.99,39,161,2,350,4.0,34,21,9,1,4,2018,12.14953271,3800,85.045,3.9,12.94,39.99,4.0,14.23615385,39.99,4.0,14.23615385,39.99,519.87,39.99,2018-03-01,1.0,0.0,0.0,No Change,17.0,-4.0,-23.52941176470588,-45.055,0.0,0.0,Below,Equal,Equal
bed1,bed_bath_table,2018-05-01,19,759.81,10.25631579,39.99,39,161,2,350,4.0,57,23,8,3,5,2018,10.26739356,3800,83.64961538,3.9,16.78038462,39.99,4.0,10.25631579,39.99,4.0,10.25631579,39.99,759.8100000000001,39.99,2018-04-01,1.0,0.0,0.0,No Change,13.0,6.0,46.15384615384615,-43.65961538,0.0,0.0,Below,Equal,Equal
bed1,bed_bath_table,2018-06-01,5,199.95,13.998,39.99,39,161,2,350,4.0,43,21,9,0,6,2018,6.503115265,3800,79.9,3.9,23.00565217,39.99,4.0,13.998,39.99,4.0,13.998,39.99,199.95000000000002,39.99,2018-05-01,1.0,0.0,0.0,No Change,19.0,-14.0,-73.68421052631578,-39.910000000000004,0.0,0.0,Below,Equal,Equal
bed1,bed_bath_table,2018-07-01,8,319.92,20.4175,39.99,39,161,2,350,4.0,26,22,9,1,7,2018,12.07165109,3800,77.93333333,3.9,19.952,39.99,4.0,20.4175,39.99,4.0,20.4175,39.99,319.92,39.99,2018-06-01,1.0,0.0,0.0,No Change,5.0,3.0,60.0,-37.943333329999994,0.0,0.0,Below,Equal,Equal
bed1,bed_bath_table,2018-08-01,8,313.92,16.33375,39.24,39,161,2,350,4.0,15,23,8,1,8,2018,9.293873313,3800,74.0,3.9,17.25571429,39.24,4.0,16.33375,39.24,4.0,16.33375,39.99,313.92,39.99,2018-07-01,1.0,-0.75,-1.8754688672168043,Decrease,8.0,0.0,0.0,-34.76,0.0,0.0,Below,Equal,Equal
bed2,bed_bath_table,2017-02-01,2,179.8,13.02,89.9,54,245,1,1383,3.9,2,20,8,2,2,2017,8.872301532,20000,89.9,3.9,13.02,89.9,3.9,13.02,89.9,3.9,13.02,89.85,179.8,,,,,,First Observation,,,,0.0,0.0,0.0,Equal,Equal,Equal
bed2,bed_bath_table,2017-03-01,22,1977.8,13.65272727,89.9,54,245,1,1383,3.9,20,23,8,1,3,2017,9.704691852,20000,89.9,3.9,13.65272727,89.9,3.9,13.65272727,89.9,3.9,13.65272727,89.9,1977.8000000000002,89.9,2017-02-01,1.0,0.0,0.0,No Change,2.0,20.0,1000.0,0.0,0.0,0.0,Equal,Equal,Equal
bed2,bed_bath_table,2017-04-01,34,3056.6,15.05,89.9,54,245,1,1383,3.9,31,20,10,2,4,2017,7.079126045,20000,89.9,3.9,15.05,89.9,3.9,15.05,89.9,3.9,15.05,89.9,3056.6000000000004,89.9,2017-03-01,1.0,0.0,0.0,No Change,22.0,12.0,54.54545454545454,0.0,0.0,0.0,Equal,Equal,Equal
bed2,bed_bath_table,2017-05-01,58,5214.2,15.01189655,89.9,54,245,1,1383,3.9,57,23,8,1,5,2017,18.23424443,20000,89.9,3.9,15.01189655,215.0,4.4,8.76,45.95,4.0,15.1,89.9,5214.200000000001,89.9,2017-04-01,1.0,0.0,0.0,No Change,34.0,24.0,70.58823529411765,0.0,-125.1,43.95,Equal,Below,Above
bed2,bed_bath_table,2017-06-01,51,4584.9,14.76921569,89.9,54,245,1,1383,3.9,61,22,8,1,6,2017,16.08743907,20000,89.9,3.9,14.76921569,209.0,4.4,21.322,45.95,4.0,12.93333333,89.9,4584.900000000001,89.9,2017-05-01,1.0,0.0,0.0,No Change,58.0,-7.0,-12.068965517241379,0.0,-119.1,43.95,Equal,Below,Above
bed2,bed_bath_table,2017-07-01,60,5394.0,13.99383333,89.9,54,245,1,1383,3.9,123,21,10,1,7,2017,12.26279596,20000,89.9,3.9,13.99383333,205.0,4.4,22.1959322,45.95,4.0,14.84,89.9,5394.0,89.9,2017-06-01,1.0,0.0,0.0,No Change,51.0,9.0,17.647058823529413,0.0,-115.1,43.95,Equal,Below,Above
bed2,bed_bath_table,2017-08-01,37,3326.3,14.65675676,89.9,54,245,1,1383,3.9,90,23,8,1,8,2017,7.887578343,20000,89.9,3.9,14.65675676,199.5098039,4.4,19.41288462,45.95,4.0,14.2875,89.9,3326.3,89.9,2017-07-01,1.0,0.0,0.0,No Change,60.0,-23.0,-38.333333333333336,0.0,-109.6098039,43.95,Equal,Below,Above
bed2,bed_bath_table,2017-09-01,23,2067.7,18.77652174,89.9,54,245,1,1383,3.9,54,21,9,1,9,2017,6.406685237,20000,89.9,3.9,18.77652174,163.3987097,4.4,24.3246875,45.95,4.0,15.1,89.9,2067.7000000000003,89.9,2017-08-01,1.0,0.0,0.0,No Change,37.0,-14.0,-37.83783783783784,0.0,-73.4987097,43.95,Equal,Below,Above
bed2,bed_bath_table,2017-10-01,14,1258.6,21.57214286,89.9,54,245,1,1383,3.9,50,22,9,2,10,2017,3.899721448,20000,89.9,3.9,21.57214286,89.9,3.9,21.57214286,45.95,4.0,15.1,89.9,1258.6000000000001,89.9,2017-09-01,1.0,0.0,0.0,No Change,23.0,-9.0,-39.130434782608695,0.0,0.0,43.95,Equal,Equal,Above
bed2,bed_bath_table,2017-11-01,40,3596.0,16.294,89.9,54,245,1,1383,3.9,97,22,8,4,11,2017,11.14206128,20000,89.9,3.9,16.294,89.9,3.9,16.294,40.53181818,4.0,15.83272727,89.9,3596.0,89.9,2017-10-01,1.0,0.0,0.0,No Change,14.0,26.0,185.71428571428572,0.0,0.0,49.368181820000004,Equal,Equal,Above
bed2,bed_bath_table,2017-12-01,18,1594.2,18.89833333,88.48823529,54,245,1,1383,3.9,41,21,10,1,12,2017,5.013927577,20000,88.48823529,3.9,18.89833333,88.48823529,3.9,18.89833333,39.99,4.0,15.23,89.9,1592.7882352200002,89.9,2017-11-01,1.0,-1.41176471,-1.5703723136818684,Decrease,40.0,-22.0,-55.00000000000001,0.0,0.0,48.498235290000004,Equal,Equal,Above
bed2,bed_bath_table,2018-01-01,17,1477.3,19.38352941,86.9,54,245,1,1383,3.9,62,23,8,2,1,2018,13.28125,20000,86.9,3.9,19.38352941,86.9,3.9,19.38352941,39.99,4.0,16.53368421,88.48823529,1477.3000000000002,88.48823529,2017-12-01,1.0,-1.58823529,-1.7948547451476697,Decrease,18.0,-1.0,-5.555555555555555,0.0,0.0,46.910000000000004,Equal,Equal,Above
bed2,bed_bath_table,2018-02-01,22,1911.8,19.20909091,86.9,54,245,1,1383,3.9,62,20,8,2,2,2018,8.872301532,20000,86.9,3.9,19.20909091,86.9,3.9,19.20909091,39.99,4.0,13.74944444,86.9,1911.8000000000002,86.9,2018-01-01,1.0,0.0,0.0,No Change,17.0,5.0,29.411764705882355,0.0,0.0,46.910000000000004,Equal,Equal,Above
bed2,bed_bath_table,2018-03-01,17,1477.3,19.98235294,86.9,54,245,1,1383,3.9,43,22,9,1,3,2018,9.704691852,20000,86.9,3.9,19.98235294,86.9,3.9,19.98235294,39.99,4.0,16.46235294,86.9,1477.3000000000002,86.9,2018-02-01,1.0,0.0,0.0,No Change,22.0,-5.0,-22.727272727272727,0.0,0.0,46.910000000000004,Equal,Equal,Above
bed2,bed_bath_table,2018-04-01,6,510.27,12.94,85.045,54,245,1,1383,3.9,34,21,9,1,4,2018,7.079126045,20000,85.045,3.9,12.94,85.045,3.9,12.94,39.99,4.0,14.23615385,86.9,510.27,86.9,2018-03-01,1.0,-1.855000000000004,-2.1346375143843543,Decrease,17.0,-11.0,-64.70588235294117,0.0,0.0,45.055,Equal,Equal,Above
bed2,bed_bath_table,2018-05-01,26,2174.89,16.78038462,83.64961538,54,245,1,1383,3.9,57,23,8,3,5,2018,18.23424443,20000,83.64961538,3.9,16.78038462,83.64961538,3.9,16.78038462,39.99,4.0,10.25631579,85.045,2174.88999988,85.045,2018-04-01,1.0,-1.3953846200000015,-1.6407603268857682,Decrease,6.0,20.0,333.33333333333337,0.0,0.0,43.65961538,Equal,Equal,Above
bed2,bed_bath_table,2018-06-01,23,1837.7,23.00565217,79.9,54,245,1,1383,3.9,43,21,9,0,6,2018,16.08743907,20000,79.9,3.9,23.00565217,79.9,3.9,23.00565217,39.99,4.0,13.998,83.64961538,1837.7,83.64961538,2018-05-01,1.0,-3.7496153799999945,-4.482525547746271,Decrease,26.0,-3.0,-11.538461538461538,0.0,0.0,39.910000000000004,Equal,Equal,Above
bed2,bed_bath_table,2018-07-01,10,781.3,19.952,77.93333333,54,245,1,1383,3.9,26,22,9,1,7,2018,12.26279596,20000,77.93333333,3.9,19.952,77.93333333,3.9,19.952,39.99,4.0,20.4175,79.9,779.3333332999999,79.9,2018-06-01,1.0,-1.9666666700000093,-2.461410100125168,Decrease,23.0,-13.0,-56.52173913043478,0.0,0.0,37.943333329999994,Equal,Equal,Above
bed2,bed_bath_table,2018-08-01,7,518.0,17.25571429,74.0,54,245,1,1383,3.9,15,23,8,1,8,2018,7.887578343,20000,74.0,3.9,17.25571429,74.0,3.9,17.25571429,39.24,4.0,16.33375,77.93333333,518.0,77.93333333,2018-07-01,1.0,-3.9333333299999964,-5.047048755562316,Decrease,10.0,-3.0,-30.0,0.0,0.0,34.76,Equal,Equal,Above
bed3,bed_bath_table,2017-10-01,8,792.0,16.35375,99.0,55,312,1,1550,3.3,50,22,9,2,10,2017,21.62162162,20944,89.9,3.9,21.57214286,99.0,3.3,16.35375,45.95,4.0,15.1,98.95,792.0,,,,,,First Observation,,,,9.099999999999994,0.0,53.05,Above,Equal,Above
bed3,bed_bath_table,2017-11-01,22,2178.0,18.79636364,99.0,55,312,1,1550,3.3,97,22,8,4,11,2017,59.45945946,20944,89.9,3.9,16.294,99.0,3.3,18.79636364,40.53181818,4.0,15.83272727,99.0,2178.0,99.0,2017-10-01,1.0,0.0,0.0,No Change,8.0,14.0,175.0,9.099999999999994,0.0,58.46818182,Above,Equal,Above
bed3,bed_bath_table,2017-12-01,7,693.0,18.66285714,99.0,55,312,1,1550,3.3,41,21,10,1,12,2017,18.91891892,20944,88.48823529,3.9,18.89833333,99.0,3.3,18.66285714,39.99,4.0,15.23,99.0,693.0,99.0,2017-11-01,1.0,0.0,0.0,No Change,22.0,-15.0,-68.18181818181817,10.511764709999994,0.0,59.01,Above,Equal,Above
bed3,bed_bath_table,2018-01-01,11,1082.0,16.39727273,98.3,55,312,1,1550,3.3,62,23,8,2,1,2018,14.86486486,20944,86.9,3.9,19.38352941,98.3,3.3,16.39727273,39.99,4.0,16.53368421,99.0,1081.3,99.0,2017-12-01,1.0,-0.7000000000000028,-0.70707070707071,Decrease,7.0,4.0,57.14285714285714,11.399999999999991,0.0,58.309999999999995,Above,Equal,Above
bed3,bed_bath_table,2018-02-01,13,1196.0,16.19461538,92.0,55,312,1,1550,3.3,62,20,8,2,2,2018,17.56756757,20944,86.9,3.9,19.20909091,92.0,3.3,16.19461538,39.99,4.0,13.74944444,98.3,1196.0,98.3,2018-01-01,1.0,-6.299999999999997,-6.408952187182093,Decrease,11.0,2.0,18.181818181818183,5.099999999999994,0.0,52.01,Above,Equal,Above
bed3,bed_bath_table,2018-03-01,3,276.0,14.04333333,92.0,55,312,1,1550,3.3,43,22,9,1,3,2018,4.054054054,20944,86.9,3.9,19.98235294,92.0,3.3,14.04333333,39.99,4.0,16.46235294,92.0,276.0,92.0,2018-02-01,1.0,0.0,0.0,No Change,13.0,-10.0,-76.92307692307693,5.099999999999994,0.0,52.01,Above,Equal,Above
bed3,bed_bath_table,2018-04-01,9,815.0,17.82222222,90.875,55,312,1,1550,3.3,34,21,9,1,4,2018,12.16216216,20944,85.045,3.9,12.94,90.875,3.3,17.82222222,39.99,4.0,14.23615385,92.0,817.875,92.0,2018-03-01,1.0,-1.125,-1.2228260869565217,Decrease,3.0,6.0,200.0,5.829999999999998,0.0,50.885,Above,Equal,Above
bed3,bed_bath_table,2018-05-01,14,1235.36,9.212857143,88.24,55,312,1,1550,3.3,57,23,8,3,5,2018,18.91891892,20944,83.64961538,3.9,16.78038462,88.24,3.3,9.212857143,39.99,4.0,10.25631579,90.875,1235.36,90.875,2018-04-01,1.0,-2.635000000000005,-2.899587345254476,Decrease,9.0,5.0,55.55555555555556,4.590384619999995,0.0,48.24999999999999,Above,Equal,Above
bed3,bed_bath_table,2018-06-01,14,1188.6,17.975,84.9,55,312,1,1550,3.3,43,21,9,0,6,2018,18.91891892,20944,79.9,3.9,23.00565217,84.9,3.3,17.975,39.99,4.0,13.998,88.24,1188.6000000000001,88.24,2018-05-01,1.0,-3.339999999999989,-3.7851314596554735,Decrease,14.0,0.0,0.0,5.0,0.0,44.910000000000004,Above,Equal,Above
bed3,bed_bath_table,2018-07-01,9,764.1,22.44777778,84.9,55,312,1,1550,3.3,26,22,9,1,7,2018,12.16216216,20944,77.93333333,3.9,19.952,84.9,3.3,22.44777778,39.99,4.0,20.4175,84.9,764.1,84.9,2018-06-01,1.0,0.0,0.0,No Change,14.0,-5.0,-35.714285714285715,6.966666670000009,0.0,44.910000000000004,Above,Equal,Above
bed3,bed_bath_table,2018-08-01,1,84.9,4.41,84.9,55,312,1,1550,3.3,15,23,8,1,8,2018,1.351351351,20944,74.0,3.9,17.25571429,84.9,3.3,4.41,39.24,4.0,16.33375,84.9,84.9,84.9,2018-07-01,1.0,0.0,0.0,No Change,9.0,-8.0,-88.88888888888889,10.900000000000006,0.0,45.660000000000004,Above,Equal,Above
bed4,bed_bath_table,2017-10-01,29,1331.1,13.88241379,45.9,38,735,5,800,4.2,50,22,9,2,10,2017,39.7260274,8000,89.9,3.9,21.57214286,45.9,4.2,13.88241379,45.95,4.0,15.1,45.85,1331.1,,,,,,First Observation,,,,-44.00000000000001,0.0,-0.05000000000000426,Below,Equal,Below
bed4,bed_bath_table,2017-11-01,32,1421.67,13.95875,44.15444444,38,735,5,800,4.2,97,22,8,4,11,2017,43.83561644,8000,89.9,3.9,16.294,44.15444444,4.2,13.95875,40.53181818,4.0,15.83272727,45.9,1412.94222208,45.9,2017-10-01,1.0,-1.7455555599999997,-3.802953289760348,Decrease,29.0,3.0,10.344827586206897,-45.74555556000001,0.0,3.622626259999997,Below,Equal,Above
bed4,bed_bath_table,2017-12-01,12,550.8,13.6875,45.9,38,735,5,800,4.2,41,21,10,1,12,2017,16.43835616,8000,88.48823529,3.9,18.89833333,45.9,4.2,13.6875,39.99,4.0,15.23,44.15444444,550.8,44.15444444,2017-11-01,1.0,1.7455555599999997,3.9532952619797466,Increase,32.0,-20.0,-62.5,-42.58823529000001,0.0,5.909999999999997,Below,Equal,Above
bed4,bed_bath_table,2018-01-01,19,872.1,14.18210526,45.9,38,735,5,800,4.2,62,23,8,2,1,2018,32.75862069,8000,86.9,3.9,19.38352941,45.9,4.2,14.18210526,39.99,4.0,16.53368421,45.9,872.1,45.9,2017-12-01,1.0,0.0,0.0,No Change,12.0,7.0,58.333333333333336,-41.00000000000001,0.0,5.909999999999997,Below,Equal,Above
bed4,bed_bath_table,2018-02-01,16,734.4,12.1725,45.9,38,735,5,800,4.2,62,20,8,2,2,2018,27.5862069,8000,86.9,3.9,19.20909091,45.9,4.2,12.1725,39.99,4.0,13.74944444,45.9,734.4,45.9,2018-01-01,1.0,0.0,0.0,No Change,19.0,-3.0,-15.789473684210526,-41.00000000000001,0.0,5.909999999999997,Below,Equal,Above
bed4,bed_bath_table,2018-03-01,8,383.2,15.22625,47.9,38,735,5,800,4.2,43,22,9,1,3,2018,13.79310345,8000,86.9,3.9,19.98235294,47.9,4.2,15.22625,39.99,4.0,16.46235294,45.9,383.2,45.9,2018-02-01,1.0,2.0,4.357298474945534,Increase,16.0,-8.0,-50.0,-39.00000000000001,0.0,7.909999999999997,Below,Equal,Above
bed4,bed_bath_table,2018-04-01,7,335.3,19.08428571,47.9,38,735,5,800,4.2,34,21,9,1,4,2018,12.06896552,8000,85.045,3.9,12.94,47.9,4.2,19.08428571,39.99,4.0,14.23615385,47.9,335.3,47.9,2018-03-01,1.0,0.0,0.0,No Change,8.0,-1.0,-12.5,-37.145,0.0,7.909999999999997,Below,Equal,Above
bed4,bed_bath_table,2018-05-01,2,95.8,12.055,47.9,38,735,5,800,4.2,57,23,8,3,5,2018,3.448275862,8000,83.64961538,3.9,16.78038462,47.9,4.2,12.055,39.99,4.0,10.25631579,47.9,95.8,47.9,2018-04-01,1.0,0.0,0.0,No Change,7.0,-5.0,-71.42857142857143,-35.74961538,0.0,7.909999999999997,Below,Equal,Above
bed4,bed_bath_table,2018-06-01,4,191.6,12.6375,47.9,38,735,5,800,4.2,43,21,9,0,6,2018,6.896551724,8000,79.9,3.9,23.00565217,47.9,4.2,12.6375,39.99,4.0,13.998,47.9,191.6,47.9,2018-05-01,1.0,0.0,0.0,No Change,2.0,2.0,100.0,-32.00000000000001,0.0,7.909999999999997,Below,Equal,Above
bed4,bed_bath_table,2018-07-01,2,95.8,24.69,47.9,38,735,5,800,4.2,26,22,9,1,7,2018,3.448275862,8000,77.93333333,3.9,19.952,47.9,4.2,24.69,39.99,4.0,20.4175,47.9,95.8,47.9,2018-06-01,1.0,0.0,0.0,No Change,4.0,-2.0,-50.0,-30.033333329999998,0.0,7.909999999999997,Below,Equal,Above
bed5,bed_bath_table,2017-05-01,1,215.0,8.76,215.0,56,162,5,9750,4.4,57,23,8,1,5,2017,0.649350649,12600,89.9,3.9,15.01189655,215.0,4.4,8.76,45.95,4.0,15.1,214.95,215.0,,,,,,First Observation,,,,125.1,0.0,169.05,Above,Equal,Above
bed5,bed_bath_table,2017-06-01,10,2090.0,21.322,209.0,56,162,5,9750,4.4,61,22,8,1,6,2017,6.493506494,12600,89.9,3.9,14.76921569,209.0,4.4,21.322,45.95,4.0,12.93333333,215.0,2090.0,215.0,2017-05-01,1.0,-6.0,-2.7906976744186047,Decrease,1.0,9.0,900.0,119.1,0.0,163.05,Above,Equal,Above
bed5,bed_bath_table,2017-07-01,59,12095.0,22.1959322,205.0,56,162,5,9750,4.4,123,21,10,1,7,2017,38.31168831,12600,89.9,3.9,13.99383333,205.0,4.4,22.1959322,45.95,4.0,14.84,209.0,12095.0,209.0,2017-06-01,1.0,-4.0,-1.9138755980861244,Decrease,10.0,49.0,490.00000000000006,115.1,0.0,159.05,Above,Equal,Above
bed5,bed_bath_table,2017-08-01,52,10375.0,19.41288462,199.5098039,56,162,5,9750,4.4,90,23,8,1,8,2017,33.76623377,12600,89.9,3.9,14.65675676,199.5098039,4.4,19.41288462,45.95,4.0,14.2875,205.0,10374.509802800001,205.0,2017-07-01,1.0,-5.4901960999999915,-2.678144439024386,Decrease,59.0,-7.0,-11.864406779661017,109.6098039,0.0,153.55980390000002,Above,Equal,Above
bed5,bed_bath_table,2017-09-01,32,5222.36,24.3246875,163.3987097,56,162,5,9750,4.4,54,21,9,1,9,2017,20.77922078,12600,89.9,3.9,18.77652174,163.3987097,4.4,24.3246875,45.95,4.0,15.1,199.5098039,5228.7587104,199.5098039,2017-08-01,1.0,-36.1110942,-18.099909625543965,Decrease,52.0,-20.0,-38.46153846153847,73.4987097,0.0,117.44870970000001,Above,Equal,Above
computers1,computers_accessories,2017-05-01,4,379.6,15.84,94.9,45,236,1,173,4.0,11,23,8,1,5,2017,10.81081081,2808,94.9,4.0,15.84,94.9,4.0,15.84,94.9,4.0,15.84,94.85,379.6,,,,,,First Observation,,,,0.0,0.0,0.0,Equal,Equal,Equal
computers1,computers_accessories,2017-06-01,6,611.4,17.785,100.9,45,236,1,173,4.0,15,22,8,1,6,2017,10.06889242,2808,159.99,4.2,42.03333333,100.9,4.0,17.785,100.9,4.0,17.785,94.9,605.4000000000001,94.9,2017-05-01,1.0,6.0,6.322444678609061,Increase,4.0,2.0,50.0,-59.09,0.0,0.0,Below,Equal,Equal
computers1,computers_accessories,2017-07-01,10,1099.0,12.015,109.9,45,236,1,173,4.0,17,21,10,1,7,2017,22.33704293,2808,139.99,4.2,48.10833333,109.9,4.0,12.015,109.9,4.0,12.015,100.9,1099.0,100.9,2017-06-01,1.0,9.0,8.919722497522299,Increase,6.0,4.0,66.66666666666666,-30.090000000000003,0.0,0.0,Below,Equal,Equal
computers1,computers_accessories,2017-08-01,2,219.8,10.39,109.9,45,236,1,173,4.0,15,23,8,1,8,2017,3.192898781,2808,145.7042857,4.2,36.46,109.9,4.0,10.39,109.9,4.0,10.39,109.9,219.8,109.9,2017-07-01,1.0,0.0,0.0,No Change,10.0,-8.0,-80.0,-35.80428570000001,0.0,0.0,Below,Equal,Equal
computers1,computers_accessories,2017-09-01,4,395.6,14.975,98.9,45,236,1,173,4.0,15,21,9,1,9,2017,10.81081081,2808,151.99,4.2,43.72272727,98.9,4.0,14.975,98.9,4.0,14.975,109.9,395.6,109.9,2017-08-01,1.0,-11.0,-10.009099181073703,Decrease,2.0,2.0,100.0,-53.09,0.0,0.0,Below,Equal,Equal
computers1,computers_accessories,2017-10-01,4,395.6,17.1225,98.9,45,236,1,173,4.0,31,22,9,2,10,2017,10.81081081,2808,154.6958824,4.2,43.88117647,98.9,4.0,17.1225,98.9,4.0,17.1225,98.9,395.6,98.9,2017-09-01,1.0,0.0,0.0,No Change,4.0,0.0,0.0,-55.79588239999998,0.0,0.0,Below,Equal,Equal
computers1,computers_accessories,2017-11-01,6,593.4,16.14,98.9,45,236,1,173,4.0,36,22,8,4,11,2017,16.21621622,2808,149.99,4.2,42.51722222,98.9,4.0,16.14,109.9,3.5,15.52,98.9,593.4000000000001,98.9,2017-10-01,1.0,0.0,0.0,No Change,4.0,2.0,50.0,-51.09,0.0,-11.0,Below,Equal,Below
computers1,computers_accessories,2017-12-01,1,98.9,13.71,98.9,45,236,1,173,4.0,35,21,10,1,12,2017,2.702702703,2808,149.99,4.2,38.57,98.9,4.0,13.71,109.9,3.5,25.24916667,98.9,98.9,98.9,2017-11-01,1.0,0.0,0.0,No Change,6.0,-5.0,-83.33333333333334,-51.09,0.0,-11.0,Below,Equal,Below
computers1,computers_accessories,2018-01-01,31,2795.14,14.08322581,90.534,45,236,1,173,4.0,152,23,8,2,1,2018,30.39215686,2808,156.5113514,4.2,36.8072093,150.3545455,4.3,22.54772727,97.6425,3.5,14.84655172,98.9,2806.554,98.9,2017-12-01,1.0,-8.366,-8.459049544994944,Decrease,1.0,30.0,3000.0,-65.97735139999999,-59.820545499999994,-7.108499999999992,Below,Below,Below
computers1,computers_accessories,2018-02-01,30,2537.19,14.096,84.75608696,45,236,1,173,4.0,202,20,8,2,2,2018,29.41176471,2808,149.0,4.2,41.16322581,149.9,4.3,26.55289855,78.7122807,3.5,14.53591549,90.534,2542.6826088000003,90.534,2018-01-01,1.0,-5.777913040000001,-6.3820366271235125,Decrease,31.0,-1.0,-3.225806451612903,-64.24391304,-65.14391304,6.043806260000011,Below,Below,Above
computers1,computers_accessories,2018-03-01,13,1139.8,11.67230769,87.5,45,236,1,173,4.0,127,22,9,1,3,2018,12.74509804,2808,136.1428571,4.2,48.0475,149.9,4.3,28.47588235,81.02391304,3.5,18.22148148,84.75608696,1137.5,84.75608696,2018-02-01,1.0,2.7439130399999954,3.2374229844930955,Increase,30.0,-17.0,-56.666666666666664,-48.642857099999986,-62.400000000000006,6.4760869600000035,Below,Below,Above
computers1,computers_accessories,2018-04-01,5,470.0,15.48,94.0,45,236,1,173,4.0,107,21,9,1,4,2018,4.901960784,2808,120.9230769,4.2,27.25303571,149.9,4.3,30.22742857,80.66666667,3.5,18.17230769,87.5,470.0,87.5,2018-03-01,1.0,6.5,7.428571428571429,Increase,13.0,-8.0,-61.53846153846154,-26.923076899999998,-55.900000000000006,13.333333330000002,Below,Below,Above
computers1,computers_accessories,2018-06-01,4,292.0,17.1875,73.0,45,236,1,173,4.0,66,21,9,0,6,2018,10.06889242,2808,114.4911538,4.2,53.62555556,149.9,4.3,27.62666667,78.9,3.5,17.328,72.95,292.0,94.0,2018-04-01,2.0,-21.0,-22.340425531914892,Decrease,5.0,-1.0,-20.0,-41.491153800000006,-76.9,-5.900000000000006,Below,Below,Below
computers1,computers_accessories,2018-07-01,18,1199.48,21.16444444,66.34214286,45,236,1,173,4.0,43,22,9,1,7,2018,22.33704293,2808,119.99,4.2,48.62666667,149.9,4.3,33.57153846,77.9,3.5,14.63857143,73.0,1194.1585714799999,73.0,2018-06-01,1.0,-6.657857140000004,-9.120352246575349,Decrease,4.0,14.0,350.0,-53.64785714,-83.55785714000001,-11.55785714000001,Below,Below,Below
computers1,computers_accessories,2018-08-01,1,79.9,13.9,79.9,45,236,1,173,4.0,18,23,8,1,8,2018,3.192898781,2808,119.99,4.2,39.046,149.9,4.3,24.76,77.9,3.5,13.415,66.34214286,79.9,66.34214286,2018-07-01,1.0,13.55785714000001,20.43626653515064,Increase,18.0,-17.0,-94.44444444444444,-40.08999999999999,-70.0,2.0,Below,Below,Above
computers2,computers_accessories,2017-11-01,1,109.9,15.52,109.9,33,256,1,180,3.5,36,22,8,4,11,2017,7.692307692,2210,149.99,4.2,42.51722222,109.9,3.5,15.52,109.9,3.5,15.52,109.85,109.9,,,,,,First Observation,,,,-40.09,0.0,0.0,Below,Equal,Equal
computers2,computers_accessories,2017-12-01,12,1318.8,25.24916667,109.9,33,256,1,180,3.5,35,21,10,1,12,2017,92.30769231,2210,149.99,4.2,38.57,109.9,3.5,25.24916667,109.9,3.5,25.24916667,109.9,1318.8000000000002,109.9,2017-11-01,1.0,0.0,0.0,No Change,1.0,11.0,1100.0,-40.09,0.0,0.0,Below,Equal,Equal
computers2,computers_accessories,2018-01-01,29,2831.55,14.84655172,97.6425,33,256,1,180,3.5,152,23,8,2,1,2018,17.05882353,2210,156.5113514,4.2,36.8072093,150.3545455,4.3,22.54772727,97.6425,3.5,14.84655172,109.9,2831.6325,109.9,2017-12-01,1.0,-12.257500000000007,-11.153321201091908,Decrease,12.0,17.0,141.66666666666669,-58.8688514,-52.7120455,0.0,Below,Below,Equal
computers2,computers_accessories,2018-02-01,71,5581.8,14.53591549,78.7122807,33,256,1,180,3.5,202,20,8,2,2,2018,41.76470588,2210,149.0,4.2,41.16322581,149.9,4.3,26.55289855,78.7122807,3.5,14.53591549,97.6425,5588.5719297,97.6425,2018-01-01,1.0,-18.930219300000005,-19.387274291420237,Decrease,29.0,42.0,144.82758620689654,-70.2877193,-71.18771930000001,0.0,Below,Below,Equal
computers2,computers_accessories,2018-03-01,27,2187.3,18.22148148,81.02391304,33,256,1,180,3.5,127,22,9,1,3,2018,15.88235294,2210,136.1428571,4.2,48.0475,149.9,4.3,28.47588235,81.02391304,3.5,18.22148148,78.7122807,2187.6456520799998,78.7122807,2018-02-01,1.0,2.3116323400000027,2.9368128066450536,Increase,71.0,-44.0,-61.97183098591549,-55.11894405999999,-68.87608696000001,0.0,Below,Below,Equal
computers2,computers_accessories,2018-04-01,13,1042.9,18.17230769,80.66666667,33,256,1,180,3.5,107,21,9,1,4,2018,7.647058824,2210,120.9230769,4.2,27.25303571,149.9,4.3,30.22742857,80.66666667,3.5,18.17230769,81.02391304,1048.66666671,81.02391304,2018-03-01,1.0,-0.3572463699999986,-0.4409147331894878,Decrease,27.0,-14.0,-51.85185185185185,-40.25641023,-69.23333333000001,0.0,Below,Below,Equal
computers2,computers_accessories,2018-05-01,11,876.9,14.41454545,79.8,33,256,1,180,3.5,78,23,8,3,5,2018,6.470588235,2210,119.0,4.2,39.2172,149.9,4.3,18.94307692,79.8,3.5,14.41454545,80.66666667,877.8,80.66666667,2018-04-01,1.0,-0.8666666700000007,-1.0743801693770927,Decrease,13.0,-2.0,-15.384615384615385,-39.2,-70.10000000000001,0.0,Below,Below,Equal
computers2,computers_accessories,2018-06-01,10,789.0,17.328,78.9,33,256,1,180,3.5,66,21,9,0,6,2018,5.882352941,2210,114.4911538,4.2,53.62555556,149.9,4.3,27.62666667,78.9,3.5,17.328,79.8,789.0,79.8,2018-05-01,1.0,-0.8999999999999915,-1.1278195488721698,Decrease,11.0,-1.0,-9.090909090909092,-35.5911538,-71.0,0.0,Below,Below,Equal
computers2,computers_accessories,2018-07-01,7,545.3,14.63857143,77.9,33,256,1,180,3.5,43,22,9,1,7,2018,4.117647059,2210,119.99,4.2,48.62666667,149.9,4.3,33.57153846,77.9,3.5,14.63857143,78.9,545.3000000000001,78.9,2018-06-01,1.0,-1.0,-1.2674271229404308,Decrease,10.0,-3.0,-30.0,-42.08999999999999,-72.0,0.0,Below,Below,Equal
computers2,computers_accessories,2018-08-01,2,155.8,13.415,77.9,33,256,1,180,3.5,18,23,8,1,8,2018,1.176470588,2210,119.99,4.2,39.046,149.9,4.3,24.76,77.9,3.5,13.415,77.9,155.8,77.9,2018-07-01,1.0,0.0,0.0,No Change,7.0,-5.0,-71.42857142857143,-42.08999999999999,-72.0,0.0,Below,Below,Equal
computers3,computers_accessories,2017-05-01,15,2715.7,18.75466667,178.0571429,42,363,1,922,4.2,11,23,8,1,5,2017,15.78947368,7650,178.0571429,4.2,18.75466667,178.0571429,4.2,18.75466667,178.0571429,4.2,18.75466667,178.0071429,2670.8571435,,,,,,First Observation,,,,0.0,0.0,0.0,Equal,Equal,Equal
computers3,computers_accessories,2017-06-01,15,2247.72,21.70066667,149.8525,42,363,1,922,4.2,15,22,8,1,6,2017,15.78947368,7650,159.99,4.2,42.03333333,149.8525,4.2,21.70066667,149.8525,4.2,21.70066667,178.0571429,2247.7875,178.0571429,2017-05-01,1.0,-28.20464290000001,-15.840219853376075,Decrease,15.0,0.0,0.0,-10.137500000000017,0.0,0.0,Below,Equal,Equal
computers3,computers_accessories,2017-07-01,4,584.77,18.27,146.6,42,363,1,922,4.2,17,21,10,1,7,2017,4.210526316,7650,139.99,4.2,48.10833333,146.6,4.2,18.27,146.6,4.2,18.27,149.8525,586.4,149.8525,2017-06-01,1.0,-3.2524999999999977,-2.1704676264993896,Decrease,15.0,-11.0,-73.33333333333333,6.609999999999985,0.0,0.0,Above,Equal,Equal
computers3,computers_accessories,2017-08-01,13,1884.45,19.28538462,144.96,42,363,1,922,4.2,15,23,8,1,8,2017,13.68421053,7650,145.7042857,4.2,36.46,144.96,4.2,19.28538462,144.96,4.2,19.28538462,146.6,1884.48,146.6,2017-07-01,1.0,-1.6399999999999864,-1.1186903137789812,Decrease,4.0,9.0,225.0,-0.744285700000006,0.0,0.0,Below,Equal,Equal
computers3,computers_accessories,2017-09-01,12,1656.87,35.9225,138.59,42,363,1,922,4.2,15,21,9,1,9,2017,12.63157895,7650,151.99,4.2,43.72272727,138.59,4.2,35.9225,138.59,4.2,35.9225,144.96,1663.08,144.96,2017-08-01,1.0,-6.3700000000000045,-4.394315673289186,Decrease,13.0,-1.0,-7.6923076923076925,-13.400000000000006,0.0,0.0,Below,Equal,Equal
computers3,computers_accessories,2017-10-01,16,2206.4,36.021875,137.9,42,363,1,922,4.2,31,22,9,2,10,2017,16.84210526,7650,154.6958824,4.2,43.88117647,137.9,4.2,36.021875,137.9,4.2,36.021875,138.59,2206.4,138.59,2017-09-01,1.0,-0.6899999999999977,-0.4978714192943197,Decrease,12.0,4.0,33.33333333333333,-16.795882399999982,0.0,0.0,Below,Equal,Equal
computers3,computers_accessories,2017-11-01,18,2482.2,39.39888889,137.9,42,363,1,922,4.2,36,22,8,4,11,2017,18.94736842,7650,149.99,4.2,42.51722222,137.9,4.2,39.39888889,109.9,3.5,15.52,137.9,2482.2000000000003,137.9,2017-10-01,1.0,0.0,0.0,No Change,16.0,2.0,12.5,-12.090000000000003,0.0,28.0,Below,Equal,Above
computers3,computers_accessories,2017-12-01,2,269.8,38.78,134.9,42,363,1,922,4.2,35,21,10,1,12,2017,2.105263158,7650,149.99,4.2,38.57,134.9,4.2,38.78,109.9,3.5,25.24916667,137.9,269.8,137.9,2017-11-01,1.0,-3.0,-2.175489485134155,Decrease,18.0,-16.0,-88.88888888888889,-15.090000000000003,0.0,25.0,Below,Equal,Above
computers3,computers_accessories,2018-01-01,5,665.0,38.044,133.0,42,363,1,922,4.2,152,23,8,2,1,2018,62.5,7650,156.5113514,4.2,36.8072093,150.3545455,4.3,22.54772727,97.6425,3.5,14.84655172,134.9,665.0,134.9,2017-12-01,1.0,-1.9000000000000057,-1.4084507042253562,Decrease,2.0,3.0,150.0,-23.511351399999995,-17.3545455,35.3575,Below,Below,Above
computers3,computers_accessories,2018-02-01,3,398.91,14.59666667,132.97,42,363,1,922,4.2,202,20,8,2,2,2018,37.5,7650,149.0,4.2,41.16322581,149.9,4.3,26.55289855,78.7122807,3.5,14.53591549,133.0,398.90999999999997,133.0,2018-01-01,1.0,-0.030000000000001137,-0.022556390977444465,Decrease,5.0,-2.0,-40.0,-16.03,-16.930000000000007,54.257719300000005,Below,Below,Above
computers4,computers_accessories,2017-02-01,3,479.97,33.4,159.99,59,1893,1,6550,4.2,3,20,8,2,2,2017,7.889030612,8000,159.99,4.2,33.4,159.99,4.2,33.4,159.99,4.2,33.4,159.94,479.97,,,,,,First Observation,,,,0.0,0.0,0.0,Equal,Equal,Equal
computers4,computers_accessories,2017-03-01,3,479.97,33.4,159.99,59,1893,1,6550,4.2,3,23,8,1,3,2017,10.54209184,8000,159.99,4.2,33.4,159.99,4.2,33.4,159.99,4.2,33.4,159.99,479.97,159.99,2017-02-01,1.0,0.0,0.0,No Change,3.0,0.0,0.0,0.0,0.0,0.0,Equal,Equal,Equal
computers4,computers_accessories,2017-04-01,5,699.95,35.122,139.99,59,1893,1,6550,4.2,5,20,10,2,4,2017,14.0327381,8000,139.99,4.2,35.122,139.99,4.2,35.122,139.99,4.2,35.122,159.99,699.95,159.99,2017-03-01,1.0,-20.0,-12.500781298831177,Decrease,3.0,2.0,66.66666666666666,0.0,0.0,0.0,Equal,Equal,Equal
computers4,computers_accessories,2017-06-01,3,479.97,42.03333333,159.99,59,1893,1,6550,4.2,15,22,8,1,6,2017,7.072704082,8000,159.99,4.2,42.03333333,159.99,4.2,42.03333333,159.99,4.2,42.03333333,159.94,479.97,139.99,2017-04-01,2.0,20.0,14.286734766769055,Increase,5.0,-2.0,-40.0,0.0,0.0,0.0,Equal,Equal,Equal
computers4,computers_accessories,2017-07-01,6,839.94,48.10833333,139.99,59,1893,1,6550,4.2,17,21,10,1,7,2017,4.961734694,8000,139.99,4.2,48.10833333,139.99,4.2,48.10833333,139.99,4.2,48.10833333,159.99,839.94,159.99,2017-06-01,1.0,-20.0,-12.500781298831177,Decrease,3.0,3.0,100.0,0.0,0.0,0.0,Equal,Equal,Equal
computers4,computers_accessories,2017-08-01,7,1019.93,36.46,145.7042857,59,1893,1,6550,4.2,15,23,8,1,8,2017,5.68664966,8000,145.7042857,4.2,36.46,145.7042857,4.2,36.46,145.7042857,4.2,36.46,139.99,1019.9299999000001,139.99,2017-07-01,1.0,5.714285700000005,4.081924208872065,Increase,6.0,1.0,16.666666666666664,0.0,0.0,0.0,Equal,Equal,Equal
computers4,computers_accessories,2017-09-01,11,1679.89,43.72272727,151.99,59,1893,1,6550,4.2,15,21,9,1,9,2017,11.45833333,8000,151.99,4.2,43.72272727,151.99,4.2,43.72272727,151.99,4.2,43.72272727,145.7042857,1671.89,145.7042857,2017-08-01,1.0,6.285714299999995,4.314021560726126,Increase,7.0,4.0,57.14285714285714,0.0,0.0,0.0,Equal,Equal,Equal
computers4,computers_accessories,2017-10-01,17,2629.83,43.88117647,154.6958824,59,1893,1,6550,4.2,31,22,9,2,10,2017,17.70833333,8000,154.6958824,4.2,43.88117647,154.6958824,4.2,43.88117647,154.6958824,4.2,43.88117647,151.99,2629.8300007999997,151.99,2017-09-01,1.0,2.705882399999979,1.7803029146654246,Increase,11.0,6.0,54.54545454545454,0.0,0.0,0.0,Equal,Equal,Equal
computers4,computers_accessories,2017-11-01,18,2699.82,42.51722222,149.99,59,1893,1,6550,4.2,36,22,8,4,11,2017,18.75,8000,149.99,4.2,42.51722222,149.99,4.2,42.51722222,109.9,3.5,15.52,154.6958824,2699.82,154.6958824,2017-10-01,1.0,-4.705882399999979,-3.042021757135004,Decrease,17.0,1.0,5.88235294117647,0.0,0.0,40.09,Equal,Equal,Above
computers4,computers_accessories,2017-12-01,23,3449.77,38.57,149.99,59,1893,1,6550,4.2,35,21,10,1,12,2017,23.95833333,8000,149.99,4.2,38.57,149.99,4.2,38.57,109.9,3.5,25.24916667,149.99,3449.7700000000004,149.99,2017-11-01,1.0,0.0,0.0,No Change,18.0,5.0,27.77777777777778,0.0,0.0,40.09,Equal,Equal,Above
computers4,computers_accessories,2018-01-01,43,6746.9,36.8072093,156.5113514,59,1893,1,6550,4.2,152,23,8,2,1,2018,17.55102041,8000,156.5113514,4.2,36.8072093,150.3545455,4.3,22.54772727,97.6425,3.5,14.84655172,149.99,6729.9881102,149.99,2017-12-01,1.0,6.521351399999986,4.347857457163801,Increase,23.0,20.0,86.95652173913044,0.0,6.156805899999995,58.8688514,Equal,Above,Above
computers4,computers_accessories,2018-02-01,31,4619.0,41.16322581,149.0,59,1893,1,6550,4.2,202,20,8,2,2,2018,7.889030612,8000,149.0,4.2,41.16322581,149.9,4.3,26.55289855,78.7122807,3.5,14.53591549,156.5113514,4619.0,156.5113514,2018-01-01,1.0,-7.511351399999995,-4.7992374564596565,Decrease,43.0,-12.0,-27.906976744186046,0.0,-0.9000000000000057,70.2877193,Equal,Below,Above
computers4,computers_accessories,2018-03-01,44,5986.0,48.0475,136.1428571,59,1893,1,6550,4.2,127,22,9,1,3,2018,10.54209184,8000,136.1428571,4.2,48.0475,149.9,4.3,28.47588235,81.02391304,3.5,18.22148148,149.0,5990.285712399999,149.0,2018-02-01,1.0,-12.857142900000014,-8.628954966442961,Decrease,31.0,13.0,41.935483870967744,0.0,-13.75714290000002,55.11894405999999,Equal,Below,Above
computers4,computers_accessories,2018-04-01,56,6764.0,27.25303571,120.9230769,59,1893,1,6550,4.2,107,21,9,1,4,2018,14.0327381,8000,120.9230769,4.2,27.25303571,149.9,4.3,30.22742857,80.66666667,3.5,18.17230769,136.1428571,6771.6923064,136.1428571,2018-03-01,1.0,-15.219780199999988,-11.179271923771012,Decrease,44.0,12.0,27.27272727272727,0.0,-28.976923100000008,40.25641023,Equal,Below,Above
computers4,computers_accessories,2018-05-01,25,2975.0,39.2172,119.0,59,1893,1,6550,4.2,78,23,8,3,5,2018,10.20408163,8000,119.0,4.2,39.2172,149.9,4.3,18.94307692,79.8,3.5,14.41454545,120.9230769,2975.0,120.9230769,2018-04-01,1.0,-1.923076899999998,-1.5903307700235985,Decrease,56.0,-31.0,-55.35714285714286,0.0,-30.900000000000006,39.2,Equal,Below,Above
computers4,computers_accessories,2018-06-01,27,3086.76,53.62555556,114.4911538,59,1893,1,6550,4.2,66,21,9,0,6,2018,7.072704082,8000,114.4911538,4.2,53.62555556,149.9,4.3,27.62666667,78.9,3.5,17.328,119.0,3091.2611526,119.0,2018-05-01,1.0,-4.508846199999994,-3.788946386554617,Decrease,25.0,2.0,8.0,0.0,-35.4088462,35.5911538,Equal,Below,Above
computers4,computers_accessories,2018-07-01,9,1079.91,48.62666667,119.99,59,1893,1,6550,4.2,43,22,9,1,7,2018,4.961734694,8000,119.99,4.2,48.62666667,149.9,4.3,33.57153846,77.9,3.5,14.63857143,114.4911538,1079.9099999999999,114.4911538,2018-06-01,1.0,5.4988461999999885,4.802856829974568,Increase,27.0,-18.0,-66.66666666666666,0.0,-29.91000000000001,42.08999999999999,Equal,Below,Above
computers4,computers_accessories,2018-08-01,10,1199.9,39.046,119.99,59,1893,1,6550,4.2,18,23,8,1,8,2018,5.68664966,8000,119.99,4.2,39.046,149.9,4.3,24.76,77.9,3.5,13.415,119.99,1199.8999999999999,119.99,2018-07-01,1.0,0.0,0.0,No Change,9.0,1.0,11.11111111111111,0.0,-29.91000000000001,42.08999999999999,Equal,Below,Above
computers5,computers_accessories,2017-10-01,1,167.0,14.92,167.0,33,300,1,207,3.5,31,22,9,2,10,2017,33.33333333,2926,154.6958824,4.2,43.88117647,167.0,3.5,14.92,167.0,3.5,14.92,166.95,167.0,,,,,,First Observation,,,,12.304117600000012,0.0,0.0,Above,Equal,Equal
computers5,computers_accessories,2017-12-01,2,239.8,13.44,119.9,33,300,1,207,3.5,35,21,10,1,12,2017,66.66666667,2926,149.99,4.2,38.57,119.9,3.5,13.44,109.9,3.5,25.24916667,119.85,239.8,167.0,2017-10-01,2.0,-47.099999999999994,-28.20359281437125,Decrease,1.0,1.0,100.0,-30.090000000000003,0.0,10.0,Below,Equal,Above
computers5,computers_accessories,2018-01-01,57,5453.96,12.23912281,93.09489362,33,300,1,207,3.5,152,23,8,2,1,2018,45.96774194,2926,156.5113514,4.2,36.8072093,150.3545455,4.3,22.54772727,97.6425,3.5,14.84655172,119.9,5306.40893634,119.9,2017-12-01,1.0,-26.805106380000012,-22.35621883236031,Decrease,2.0,55.0,2750.0,-63.41645778,-57.25965188000001,-4.547606380000005,Below,Below,Below
computers5,computers_accessories,2018-02-01,45,3465.8,11.51311111,77.155,33,300,1,207,3.5,202,20,8,2,2,2018,36.29032258,2926,149.0,4.2,41.16322581,149.9,4.3,26.55289855,78.7122807,3.5,14.53591549,93.09489362,3471.975,93.09489362,2018-01-01,1.0,-15.939893619999992,-17.122199725652358,Decrease,57.0,-12.0,-21.052631578947366,-71.845,-72.745,-1.5572806999999926,Below,Below,Below
computers5,computers_accessories,2018-03-01,6,528.0,17.55333333,88.0,33,300,1,207,3.5,127,22,9,1,3,2018,4.838709677,2926,136.1428571,4.2,48.0475,149.9,4.3,28.47588235,81.02391304,3.5,18.22148148,77.155,528.0,77.155,2018-02-01,1.0,10.844999999999999,14.056120795800659,Increase,45.0,-39.0,-86.66666666666667,-48.142857099999986,-61.900000000000006,6.9760869600000035,Below,Below,Above
computers5,computers_accessories,2018-04-01,10,880.0,10.869,88.0,33,300,1,207,3.5,107,21,9,1,4,2018,8.064516129,2926,120.9230769,4.2,27.25303571,149.9,4.3,30.22742857,80.66666667,3.5,18.17230769,88.0,880.0,88.0,2018-03-01,1.0,0.0,0.0,No Change,6.0,4.0,66.66666666666666,-32.9230769,-61.900000000000006,7.333333330000002,Below,Below,Above
computers5,computers_accessories,2018-06-01,3,269.7,21.82666667,89.9,33,300,1,207,3.5,66,21,9,0,6,2018,2.419354839,2926,114.4911538,4.2,53.62555556,149.9,4.3,27.62666667,78.9,3.5,17.328,89.85,269.70000000000005,88.0,2018-04-01,2.0,1.9000000000000057,2.159090909090916,Increase,10.0,-7.0,-70.0,-24.5911538,-60.0,11.0,Below,Below,Above
computers5,computers_accessories,2018-07-01,3,236.7,13.41333333,78.9,33,300,1,207,3.5,43,22,9,1,7,2018,2.419354839,2926,119.99,4.2,48.62666667,149.9,4.3,33.57153846,77.9,3.5,14.63857143,89.9,236.70000000000002,89.9,2018-06-01,1.0,-11.0,-12.235817575083425,Decrease,3.0,0.0,0.0,-41.08999999999999,-71.0,1.0,Below,Below,Above
computers6,computers_accessories,2018-01-01,22,3307.8,22.54772727,150.3545455,48,894,1,533,4.3,152,23,8,2,1,2018,8.02919708,4840,156.5113514,4.2,36.8072093,150.3545455,4.3,22.54772727,97.6425,3.5,14.84655172,150.3045455,3307.800001,,,,,,First Observation,,,,-6.156805899999995,0.0,52.7120455,Below,Equal,Above
computers6,computers_accessories,2018-02-01,69,10343.1,26.55289855,149.9,48,894,1,533,4.3,202,20,8,2,2,2018,25.18248175,4840,149.0,4.2,41.16322581,149.9,4.3,26.55289855,78.7122807,3.5,14.53591549,150.3545455,10343.1,150.3545455,2018-01-01,1.0,-0.4545454999999947,-0.3023157686975248,Decrease,22.0,47.0,213.63636363636363,0.9000000000000057,0.0,71.18771930000001,Above,Equal,Above
computers6,computers_accessories,2018-03-01,51,7644.9,28.47588235,149.9,48,894,1,533,4.3,127,22,9,1,3,2018,18.61313869,4840,136.1428571,4.2,48.0475,149.9,4.3,28.47588235,81.02391304,3.5,18.22148148,149.9,7644.900000000001,149.9,2018-02-01,1.0,0.0,0.0,No Change,69.0,-18.0,-26.08695652173913,13.75714290000002,0.0,68.87608696000001,Above,Equal,Above
computers6,computers_accessories,2018-04-01,35,5246.5,30.22742857,149.9,48,894,1,533,4.3,107,21,9,1,4,2018,12.77372263,4840,120.9230769,4.2,27.25303571,149.9,4.3,30.22742857,80.66666667,3.5,18.17230769,149.9,5246.5,149.9,2018-03-01,1.0,0.0,0.0,No Change,51.0,-16.0,-31.372549019607842,28.976923100000008,0.0,69.23333333000001,Above,Equal,Above
computers6,computers_accessories,2018-05-01,52,7794.8,18.94307692,149.9,48,894,1,533,4.3,78,23,8,3,5,2018,18.97810219,4840,119.0,4.2,39.2172,149.9,4.3,18.94307692,79.8,3.5,14.41454545,149.9,7794.8,149.9,2018-04-01,1.0,0.0,0.0,No Change,35.0,17.0,48.57142857142857,30.900000000000006,0.0,70.10000000000001,Above,Equal,Above
computers6,computers_accessories,2018-06-01,27,4047.3,27.62666667,149.9,48,894,1,533,4.3,66,21,9,0,6,2018,9.854014599,4840,114.4911538,4.2,53.62555556,149.9,4.3,27.62666667,78.9,3.5,17.328,149.9,4047.3,149.9,2018-05-01,1.0,0.0,0.0,No Change,52.0,-25.0,-48.07692307692308,35.4088462,0.0,71.0,Above,Equal,Above
computers6,computers_accessories,2018-07-01,13,1948.7,33.57153846,149.9,48,894,1,533,4.3,43,22,9,1,7,2018,4.744525547,4840,119.99,4.2,48.62666667,149.9,4.3,33.57153846,77.9,3.5,14.63857143,149.9,1948.7,149.9,2018-06-01,1.0,0.0,0.0,No Change,27.0,-14.0,-51.85185185185185,29.91000000000001,0.0,72.0,Above,Equal,Above
computers6,computers_accessories,2018-08-01,5,749.5,24.76,149.9,48,894,1,533,4.3,18,23,8,1,8,2018,1.824817518,4840,119.99,4.2,39.046,149.9,4.3,24.76,77.9,3.5,13.415,149.9,749.5,149.9,2018-07-01,1.0,0.0,0.0,No Change,13.0,-8.0,-61.53846153846154,29.91000000000001,0.0,72.0,Above,Equal,Above
consoles1,consoles_games,2017-07-01,13,258.7,13.47307692,19.9,49,100,4,150,4.2,13,21,10,1,7,2017,7.59180791,2304,19.9,4.2,13.47307692,19.9,3.9,11.85,19.9,4.2,13.47307692,19.85,258.7,,,,,,First Observation,,,,0.0,0.0,0.0,Equal,Equal,Equal
consoles1,consoles_games,2017-08-01,24,477.6,16.16375,19.9,49,100,4,150,4.2,33,23,8,1,8,2017,20.33898305,2304,19.9,4.2,16.16375,19.9,3.9,15.83272727,19.9,4.2,16.16375,19.9,477.59999999999997,19.9,2017-07-01,1.0,0.0,0.0,No Change,13.0,11.0,84.61538461538461,0.0,0.0,0.0,Equal,Equal,Equal
consoles1,consoles_games,2017-09-01,9,179.1,16.13333333,19.9,49,100,4,150,4.2,17,21,9,1,9,2017,7.627118644,2304,19.9,4.2,16.13333333,19.9,3.9,15.41111111,19.9,4.2,16.13333333,19.9,179.1,19.9,2017-08-01,1.0,0.0,0.0,No Change,24.0,-15.0,-62.5,0.0,0.0,0.0,Equal,Equal,Equal
consoles1,consoles_games,2017-10-01,28,603.2,13.53428571,21.54285714,49,100,4,150,4.2,38,22,9,2,10,2017,23.72881356,2304,21.54285714,4.2,13.53428571,20.66666667,3.9,12.80333333,21.54285714,4.2,13.53428571,19.9,603.19999992,19.9,2017-09-01,1.0,1.6428571400000003,8.255563517587941,Increase,9.0,19.0,211.11111111111111,0.0,0.8761904699999974,0.0,Equal,Above,Equal
consoles1,consoles_games,2017-11-01,28,686.0,13.64535714,24.5,49,100,4,150,4.2,49,22,8,4,11,2017,23.72881356,2304,24.5,4.2,13.64535714,24.5,3.9,13.65217391,24.5,4.2,13.64535714,21.54285714,686.0,21.54285714,2017-10-01,1.0,2.957142860000001,13.726790466011519,Increase,28.0,0.0,0.0,0.0,0.0,0.0,Equal,Equal,Equal
consoles1,consoles_games,2017-12-01,16,392.0,12.87375,24.5,49,100,4,150,4.2,30,21,10,1,12,2017,13.55932203,2304,24.5,4.2,12.87375,24.5,3.9,13.52470588,24.5,4.2,12.87375,24.5,392.0,24.5,2017-11-01,1.0,0.0,0.0,No Change,28.0,-12.0,-42.857142857142854,0.0,0.0,0.0,Equal,Equal,Equal
consoles1,consoles_games,2018-02-01,5,162.5,15.256,32.5,49,100,4,150,4.2,6,20,8,2,2,2018,20.83333333,2304,32.5,4.2,15.256,32.5,3.9,11.85,32.5,4.2,15.256,32.45,162.5,24.5,2017-12-01,2.0,8.0,32.6530612244898,Increase,16.0,-11.0,-68.75,0.0,0.0,0.0,Equal,Equal,Equal
consoles1,consoles_games,2018-03-01,6,195.0,18.05666667,32.5,49,100,4,150,4.2,13,22,9,1,3,2018,25.0,2304,32.5,4.2,18.05666667,32.74285714,3.9,14.02714286,32.5,4.2,18.05666667,32.5,195.0,32.5,2018-02-01,1.0,0.0,0.0,No Change,5.0,1.0,20.0,0.0,-0.24285713999999814,0.0,Equal,Below,Equal
consoles1,consoles_games,2018-04-01,7,245.4,12.98571429,35.05714286,49,100,4,150,4.2,13,21,9,1,4,2018,29.16666667,2304,35.05714286,4.2,12.98571429,34.2,3.9,15.015,35.05714286,4.2,12.98571429,32.5,245.40000002,32.5,2018-03-01,1.0,2.557142859999999,7.868131876923074,Increase,6.0,1.0,16.666666666666664,0.0,0.8571428599999962,0.0,Equal,Above,Equal
consoles1,consoles_games,2018-05-01,3,108.6,15.87,36.2,49,100,4,150,4.2,3,23,8,3,5,2018,12.5,2304,36.2,4.2,15.87,36.2,4.2,15.87,36.2,4.2,15.87,35.05714286,108.60000000000001,35.05714286,2018-04-01,1.0,1.1428571400000038,3.2599836916658638,Increase,7.0,-4.0,-57.14285714285714,0.0,0.0,0.0,Equal,Equal,Equal
consoles1,consoles_games,2018-06-01,2,72.4,18.35,36.2,49,100,4,150,4.2,2,21,9,0,6,2018,8.333333333,2304,36.2,4.2,18.35,36.2,4.2,18.35,36.2,4.2,18.35,36.2,72.4,36.2,2018-05-01,1.0,0.0,0.0,No Change,3.0,-1.0,-33.33333333333333,0.0,0.0,0.0,Equal,Equal,Equal
consoles1,consoles_games,2018-07-01,1,36.2,22.18,36.2,49,100,4,150,4.2,1,22,9,1,7,2018,7.59180791,2304,36.2,4.2,22.18,36.2,4.2,22.18,36.2,4.2,22.18,36.2,36.2,36.2,2018-06-01,1.0,0.0,0.0,No Change,2.0,-1.0,-50.0,0.0,0.0,0.0,Equal,Equal,Equal
consoles2,consoles_games,2017-07-01,1,19.9,11.85,19.9,56,237,3,100,3.9,13,21,10,1,7,2017,1.369863014,2304,19.9,4.2,13.47307692,19.9,3.9,11.85,19.9,3.9,11.85,19.85,19.9,,,,,,First Observation,,,,0.0,0.0,0.0,Equal,Equal,Equal
consoles2,consoles_games,2017-08-01,11,218.9,15.83272727,19.9,56,237,3,100,3.9,33,23,8,1,8,2017,15.06849315,2304,19.9,4.2,16.16375,19.9,3.9,15.83272727,19.9,3.9,15.83272727,19.9,218.89999999999998,19.9,2017-07-01,1.0,0.0,0.0,No Change,1.0,10.0,1000.0,0.0,0.0,0.0,Equal,Equal,Equal
consoles2,consoles_games,2017-09-01,9,179.1,15.41111111,19.9,56,237,3,100,3.9,17,21,9,1,9,2017,12.32876712,2304,19.9,4.2,16.13333333,19.9,3.9,15.41111111,19.9,3.9,15.41111111,19.9,179.1,19.9,2017-08-01,1.0,0.0,0.0,No Change,11.0,-2.0,-18.181818181818183,0.0,0.0,0.0,Equal,Equal,Equal
consoles2,consoles_games,2017-10-01,12,248.0,12.80333333,20.66666667,56,237,3,100,3.9,38,22,9,2,10,2017,16.43835616,2304,21.54285714,4.2,13.53428571,20.66666667,3.9,12.80333333,20.66666667,3.9,12.80333333,19.9,248.00000004000003,19.9,2017-09-01,1.0,0.7666666700000029,3.8525963316583063,Increase,9.0,3.0,33.33333333333333,-0.8761904699999974,0.0,0.0,Below,Equal,Equal
consoles2,consoles_games,2017-11-01,23,563.5,13.65217391,24.5,56,237,3,100,3.9,49,22,8,4,11,2017,31.50684932,2304,24.5,4.2,13.64535714,24.5,3.9,13.65217391,24.5,3.9,13.65217391,20.66666667,563.5,20.66666667,2017-10-01,1.0,3.8333333299999985,18.548387077653476,Increase,12.0,11.0,91.66666666666666,0.0,0.0,0.0,Equal,Equal,Equal
consoles2,consoles_games,2017-12-01,17,416.5,13.52470588,24.5,56,237,3,100,3.9,30,21,10,1,12,2017,23.28767123,2304,24.5,4.2,12.87375,24.5,3.9,13.52470588,24.5,3.9,13.52470588,24.5,416.5,24.5,2017-11-01,1.0,0.0,0.0,No Change,23.0,-6.0,-26.08695652173913,0.0,0.0,0.0,Equal,Equal,Equal
consoles2,consoles_games,2018-01-01,10,271.2,13.319,27.03333333,56,237,3,100,3.9,9,23,8,2,1,2018,41.66666667,2304,27.03333333,3.9,13.319,27.03333333,3.9,13.319,27.03333333,3.9,13.319,24.5,270.3333333,24.5,2017-12-01,1.0,2.5333333300000014,10.340136040816333,Increase,17.0,-7.0,-41.17647058823529,0.0,0.0,0.0,Equal,Equal,Equal
consoles2,consoles_games,2018-02-01,1,32.5,11.85,32.5,56,237,3,100,3.9,6,20,8,2,2,2018,4.166666667,2304,32.5,4.2,15.256,32.5,3.9,11.85,32.5,3.9,11.85,27.03333333,32.5,27.03333333,2018-01-01,1.0,5.466666669999999,20.221948226907756,Increase,10.0,-9.0,-90.0,0.0,0.0,0.0,Equal,Equal,Equal
consoles2,consoles_games,2018-03-01,7,229.2,14.02714286,32.74285714,56,237,3,100,3.9,13,22,9,1,3,2018,29.16666667,2304,32.5,4.2,18.05666667,32.74285714,3.9,14.02714286,32.74285714,3.9,14.02714286,32.5,229.19999997999997,32.5,2018-02-01,1.0,0.24285713999999814,0.7472527384615327,Increase,1.0,6.0,600.0,0.24285713999999814,0.0,0.0,Above,Equal,Equal
consoles2,consoles_games,2018-04-01,6,205.2,15.015,34.2,56,237,3,100,3.9,13,21,9,1,4,2018,25.0,2304,35.05714286,4.2,12.98571429,34.2,3.9,15.015,34.2,3.9,15.015,32.74285714,205.20000000000002,32.74285714,2018-03-01,1.0,1.4571428600000047,4.45026178921906,Increase,7.0,-1.0,-14.285714285714285,-0.8571428599999962,0.0,0.0,Below,Equal,Equal
cool1,cool_stuff,2017-02-01,7,599.93,21.97142857,85.70428571,54,1012,1,1200,4.2,7,20,8,2,2,2017,8.708708709,15750,85.70428571,4.2,21.97142857,85.70428571,4.2,21.97142857,85.70428571,4.2,21.97142857,85.65428571,599.9299999699999,,,,,,First Observation,,,,0.0,0.0,0.0,Equal,Equal,Equal
cool1,cool_stuff,2017-03-01,14,1399.86,16.64428571,99.99,54,1012,1,1200,4.2,22,23,8,1,3,2017,17.41741742,15750,99.99,4.2,16.64428571,129.99,4.3,18.77875,99.99,4.2,16.64428571,85.70428571,1399.86,85.70428571,2017-02-01,1.0,14.285714290000001,16.668611343823546,Increase,7.0,7.0,100.0,0.0,-30.000000000000014,0.0,Equal,Below,Equal
cool1,cool_stuff,2017-04-01,17,1699.83,14.20235294,99.99,54,1012,1,1200,4.2,33,20,10,2,4,2017,24.32432432,15750,99.99,4.2,14.20235294,129.99,4.3,17.39642857,99.99,4.2,14.20235294,99.99,1699.83,99.99,2017-03-01,1.0,0.0,0.0,No Change,14.0,3.0,21.428571428571427,0.0,-30.000000000000014,0.0,Equal,Below,Equal
cool1,cool_stuff,2017-05-01,22,2199.78,15.02090909,99.99,54,1012,1,1200,4.2,58,23,8,1,5,2017,19.81981982,15750,99.99,4.2,15.02090909,129.99,4.3,18.27277778,99.99,4.2,15.02090909,99.99,2199.7799999999997,99.99,2017-04-01,1.0,0.0,0.0,No Change,17.0,5.0,29.411764705882355,0.0,-30.000000000000014,0.0,Equal,Below,Equal
cool1,cool_stuff,2017-06-01,14,1399.86,13.82642857,99.99,54,1012,1,1200,4.2,42,22,8,1,6,2017,12.61261261,15750,99.99,4.2,13.82642857,129.99,4.3,17.06117647,99.99,4.2,13.82642857,99.99,1399.86,99.99,2017-05-01,1.0,0.0,0.0,No Change,22.0,-8.0,-36.36363636363637,0.0,-30.000000000000014,0.0,Equal,Below,Equal
cool1,cool_stuff,2017-07-01,11,1099.89,16.52909091,99.99,54,1012,1,1200,4.2,42,21,10,1,7,2017,9.90990991,15750,99.99,4.2,16.52909091,129.99,4.3,18.715625,99.99,4.2,16.52909091,99.99,1099.8899999999999,99.99,2017-06-01,1.0,0.0,0.0,No Change,14.0,-3.0,-21.428571428571427,0.0,-30.000000000000014,0.0,Equal,Below,Equal
cool1,cool_stuff,2017-08-01,14,1399.86,18.975,99.99,54,1012,1,1200,4.2,39,23,8,1,8,2017,12.61261261,15750,99.99,4.2,18.975,116.9275,4.3,19.02125,99.99,4.2,18.975,99.99,1399.86,99.99,2017-07-01,1.0,0.0,0.0,No Change,11.0,3.0,27.27272727272727,0.0,-16.9375,0.0,Equal,Below,Equal
cool1,cool_stuff,2017-09-01,3,299.97,15.93333333,99.99,54,1012,1,1200,4.2,10,21,9,1,9,2017,2.702702703,15750,99.99,4.2,15.93333333,99.99,4.2,15.93333333,29.5,4.4,11.73,99.99,299.96999999999997,99.99,2017-08-01,1.0,0.0,0.0,No Change,14.0,-11.0,-78.57142857142857,0.0,0.0,70.49,Equal,Equal,Above
cool1,cool_stuff,2017-10-01,2,199.98,16.95,99.99,54,1012,1,1200,4.2,33,22,9,2,10,2017,1.801801802,15750,99.99,4.2,16.95,119.99,4.3,19.997,99.99,4.2,16.95,99.99,199.98,99.99,2017-09-01,1.0,0.0,0.0,No Change,3.0,-1.0,-33.33333333333333,0.0,-20.0,0.0,Equal,Below,Equal
cool1,cool_stuff,2017-11-01,4,399.96,16.1875,99.99,54,1012,1,1200,4.2,42,22,8,4,11,2017,3.603603604,15750,99.99,4.2,16.1875,129.99,4.3,22.67444444,99.99,4.2,16.1875,99.99,399.96,99.99,2017-10-01,1.0,0.0,0.0,No Change,2.0,2.0,100.0,0.0,-30.000000000000014,0.0,Equal,Below,Equal
cool1,cool_stuff,2017-12-01,3,299.97,15.26666667,99.99,54,1012,1,1200,4.2,38,21,10,1,12,2017,2.702702703,15750,99.99,4.2,15.26666667,129.99,4.3,25.59,99.99,4.2,15.26666667,99.99,299.96999999999997,99.99,2017-11-01,1.0,0.0,0.0,No Change,4.0,-1.0,-25.0,0.0,-30.000000000000014,0.0,Equal,Below,Equal
cool1,cool_stuff,2018-01-01,3,299.97,16.54,99.99,54,1012,1,1200,4.2,102,23,8,2,1,2018,33.33333333,15750,99.99,4.2,16.54,129.99,4.3,17.41,29.5,4.4,16.53263158,99.99,299.96999999999997,99.99,2017-12-01,1.0,0.0,0.0,No Change,3.0,0.0,0.0,0.0,-30.000000000000014,70.49,Equal,Below,Above
cool1,cool_stuff,2018-02-01,1,99.99,13.72,99.99,54,1012,1,1200,4.2,20,20,8,2,2,2018,8.708708709,15750,99.99,4.2,13.72,129.99,4.3,16.71,99.99,4.2,13.72,99.99,99.99,99.99,2018-01-01,1.0,0.0,0.0,No Change,3.0,-2.0,-66.66666666666666,0.0,-30.000000000000014,0.0,Equal,Below,Equal
cool1,cool_stuff,2018-03-01,2,199.98,20.78,99.99,54,1012,1,1200,4.2,45,22,9,1,3,2018,17.41741742,15750,99.99,4.2,20.78,129.99,4.3,18.49,35.0,4.4,16.25615385,99.99,199.98,99.99,2018-02-01,1.0,0.0,0.0,No Change,1.0,1.0,100.0,0.0,-30.000000000000014,64.99,Equal,Below,Above
cool1,cool_stuff,2018-04-01,3,269.59,19.87666667,89.86333333,54,1012,1,1200,4.2,18,21,9,1,4,2018,24.32432432,15750,89.86333333,4.2,19.87666667,129.99,4.3,23.49,35.0,4.4,14.845,99.99,269.58999999,99.99,2018-03-01,1.0,-10.126666669999992,-10.127679437943787,Decrease,2.0,1.0,50.0,0.0,-40.126666670000006,54.86333333,Equal,Below,Above
cool2,cool_stuff,2017-03-01,8,1039.92,18.77875,129.99,33,897,1,1600,4.3,22,23,8,1,3,2017,9.853603604,15750,99.99,4.2,16.64428571,129.99,4.3,18.77875,129.99,4.3,18.77875,129.94,1039.92,,,,,,First Observation,,,,30.000000000000014,0.0,0.0,Above,Equal,Equal
cool2,cool_stuff,2017-04-01,14,1819.86,17.39642857,129.99,33,897,1,1600,4.3,33,20,10,2,4,2017,12.55630631,15750,99.99,4.2,14.20235294,129.99,4.3,17.39642857,129.99,4.3,17.39642857,129.99,1819.8600000000001,129.99,2017-03-01,1.0,0.0,0.0,No Change,8.0,6.0,75.0,30.000000000000014,0.0,0.0,Above,Equal,Equal
cool2,cool_stuff,2017-05-01,18,2339.82,18.27277778,129.99,33,897,1,1600,4.3,58,23,8,1,5,2017,16.21621622,15750,99.99,4.2,15.02090909,129.99,4.3,18.27277778,129.99,4.3,18.27277778,129.99,2339.82,129.99,2017-04-01,1.0,0.0,0.0,No Change,14.0,4.0,28.57142857142857,30.000000000000014,0.0,0.0,Above,Equal,Equal
cool2,cool_stuff,2017-06-01,17,2209.83,17.06117647,129.99,33,897,1,1600,4.3,42,22,8,1,6,2017,15.31531532,15750,99.99,4.2,13.82642857,129.99,4.3,17.06117647,129.99,4.3,17.06117647,129.99,2209.83,129.99,2017-05-01,1.0,0.0,0.0,No Change,18.0,-1.0,-5.555555555555555,30.000000000000014,0.0,0.0,Above,Equal,Equal
cool2,cool_stuff,2017-07-01,16,2079.84,18.715625,129.99,33,897,1,1600,4.3,42,21,10,1,7,2017,14.41441441,15750,99.99,4.2,16.52909091,129.99,4.3,18.715625,129.99,4.3,18.715625,129.99,2079.84,129.99,2017-06-01,1.0,0.0,0.0,No Change,17.0,-1.0,-5.88235294117647,30.000000000000014,0.0,0.0,Above,Equal,Equal
cool2,cool_stuff,2017-08-01,16,1870.84,19.02125,116.9275,33,897,1,1600,4.3,39,23,8,1,8,2017,14.41441441,15750,99.99,4.2,18.975,116.9275,4.3,19.02125,116.9275,4.3,19.02125,129.99,1870.84,129.99,2017-07-01,1.0,-13.062500000000014,-10.048849911531667,Decrease,16.0,0.0,0.0,16.9375,0.0,0.0,Above,Equal,Equal
cool2,cool_stuff,2017-10-01,10,1199.9,19.997,119.99,33,897,1,1600,4.3,33,22,9,2,10,2017,9.009009009,15750,99.99,4.2,16.95,119.99,4.3,19.997,119.99,4.3,19.997,119.94,1199.8999999999999,116.9275,2017-08-01,2.0,3.0625,2.6191443415791835,Increase,16.0,-6.0,-37.5,20.0,0.0,0.0,Above,Equal,Equal
cool2,cool_stuff,2017-11-01,9,1169.91,22.67444444,129.99,33,897,1,1600,4.3,42,22,8,4,11,2017,8.108108108,15750,99.99,4.2,16.1875,129.99,4.3,22.67444444,129.99,4.3,22.67444444,119.99,1169.91,119.99,2017-10-01,1.0,10.000000000000014,8.334027835652984,Increase,10.0,-1.0,-10.0,30.000000000000014,0.0,0.0,Above,Equal,Equal
cool2,cool_stuff,2017-12-01,3,389.97,25.59,129.99,33,897,1,1600,4.3,38,21,10,1,12,2017,2.702702703,15750,99.99,4.2,15.26666667,129.99,4.3,25.59,129.99,4.3,25.59,129.99,389.97,129.99,2017-11-01,1.0,0.0,0.0,No Change,9.0,-6.0,-66.66666666666666,30.000000000000014,0.0,0.0,Above,Equal,Equal
cool2,cool_stuff,2018-01-01,4,519.96,17.41,129.99,33,897,1,1600,4.3,102,23,8,2,1,2018,50.0,15750,99.99,4.2,16.54,129.99,4.3,17.41,29.5,4.4,16.53263158,129.99,519.96,129.99,2017-12-01,1.0,0.0,0.0,No Change,3.0,1.0,33.33333333333333,30.000000000000014,0.0,100.49000000000001,Above,Equal,Above
cool2,cool_stuff,2018-02-01,2,259.98,16.71,129.99,33,897,1,1600,4.3,20,20,8,2,2,2018,25.0,15750,99.99,4.2,13.72,129.99,4.3,16.71,129.99,4.3,16.71,129.99,259.98,129.99,2018-01-01,1.0,0.0,0.0,No Change,4.0,-2.0,-50.0,30.000000000000014,0.0,0.0,Above,Equal,Equal
cool2,cool_stuff,2018-03-01,1,129.99,18.49,129.99,33,897,1,1600,4.3,45,22,9,1,3,2018,9.853603604,15750,99.99,4.2,20.78,129.99,4.3,18.49,35.0,4.4,16.25615385,129.99,129.99,129.99,2018-02-01,1.0,0.0,0.0,No Change,2.0,-1.0,-50.0,30.000000000000014,0.0,94.99000000000001,Above,Equal,Above
cool2,cool_stuff,2018-04-01,1,129.99,23.49,129.99,33,897,1,1600,4.3,18,21,9,1,4,2018,12.55630631,15750,89.86333333,4.2,19.87666667,129.99,4.3,23.49,35.0,4.4,14.845,129.99,129.99,129.99,2018-03-01,1.0,0.0,0.0,No Change,1.0,0.0,0.0,40.126666670000006,0.0,94.99000000000001,Above,Equal,Above
cool3,cool_stuff,2017-09-01,1,29.5,11.73,29.5,57,787,8,1867,4.4,10,21,9,1,9,2017,100.0,7776,99.99,4.2,15.93333333,29.5,4.4,11.73,29.5,4.4,11.73,29.45,29.5,,,,,,First Observation,,,,-70.49,0.0,0.0,Below,Equal,Equal
cool3,cool_stuff,2018-01-01,76,2242.0,16.53263158,29.5,57,787,8,1867,4.4,102,23,8,2,1,2018,67.25663717,7776,99.99,4.2,16.54,129.99,4.3,17.41,29.5,4.4,16.53263158,29.45,2242.0,29.5,2017-09-01,4.0,0.0,0.0,No Change,1.0,75.0,7500.0,-70.49,-100.49000000000001,0.0,Below,Below,Equal
cool3,cool_stuff,2018-03-01,26,910.0,16.25615385,35.0,57,787,8,1867,4.4,45,22,9,1,3,2018,23.00884956,7776,99.99,4.2,20.78,129.99,4.3,18.49,35.0,4.4,16.25615385,34.95,910.0,29.5,2018-01-01,2.0,5.5,18.64406779661017,Increase,76.0,-50.0,-65.78947368421053,-64.99,-94.99000000000001,0.0,Below,Below,Equal
cool3,cool_stuff,2018-04-01,4,140.0,14.845,35.0,57,787,8,1867,4.4,18,21,9,1,4,2018,3.539823009,7776,89.86333333,4.2,19.87666667,129.99,4.3,23.49,35.0,4.4,14.845,35.0,140.0,35.0,2018-03-01,1.0,0.0,0.0,No Change,26.0,-22.0,-84.61538461538461,-54.86333333,-94.99000000000001,0.0,Below,Below,Equal
cool3,cool_stuff,2018-05-01,4,140.0,13.6375,35.0,57,787,8,1867,4.4,4,23,8,3,5,2018,3.539823009,7776,35.0,4.4,13.6375,35.0,4.4,13.6375,35.0,4.4,13.6375,35.0,140.0,35.0,2018-04-01,1.0,0.0,0.0,No Change,4.0,0.0,0.0,0.0,0.0,0.0,Equal,Equal,Equal
cool3,cool_stuff,2018-06-01,2,130.0,15.01,65.0,57,787,8,1867,4.4,2,21,9,0,6,2018,1.769911504,7776,65.0,4.4,15.01,65.0,4.4,15.01,65.0,4.4,15.01,35.0,130.0,35.0,2018-05-01,1.0,30.0,85.71428571428571,Increase,4.0,-2.0,-50.0,0.0,0.0,0.0,Equal,Equal,Equal
cool3,cool_stuff,2018-08-01,1,65.0,57.23,65.0,57,787,8,1867,4.4,1,23,8,1,8,2018,0.884955752,7776,65.0,4.4,57.23,65.0,4.4,57.23,65.0,4.4,57.23,64.95,65.0,65.0,2018-06-01,2.0,0.0,0.0,No Change,2.0,-1.0,-50.0,0.0,0.0,0.0,Equal,Equal,Equal
cool4,cool_stuff,2017-07-01,1,134.99,15.7,134.99,40,1456,1,2425,3.8,42,21,10,1,7,2017,1.428571429,16530,99.99,4.2,16.52909091,129.99,4.3,18.715625,134.99,3.8,15.7,134.94,134.99,,,,,,First Observation,,,,35.000000000000014,5.0,0.0,Above,Above,Equal
cool4,cool_stuff,2017-08-01,1,134.99,15.7,134.99,40,1456,1,2425,3.8,39,23,8,1,8,2017,1.428571429,16530,99.99,4.2,18.975,116.9275,4.3,19.02125,134.99,3.8,15.7,134.99,134.99,134.99,2017-07-01,1.0,0.0,0.0,No Change,1.0,0.0,0.0,35.000000000000014,18.062500000000014,0.0,Above,Above,Equal
cool4,cool_stuff,2017-10-01,12,1763.88,18.755,146.99,40,1456,1,2425,3.8,33,22,9,2,10,2017,17.14285714,16530,99.99,4.2,16.95,119.99,4.3,19.997,146.99,3.8,18.755,146.94,1763.88,134.99,2017-08-01,2.0,12.0,8.889547373879546,Increase,1.0,11.0,1100.0,47.000000000000014,27.000000000000014,0.0,Above,Above,Equal
cool4,cool_stuff,2017-11-01,27,4248.73,20.83703704,157.3603704,40,1456,1,2425,3.8,42,22,8,4,11,2017,38.57142857,16530,99.99,4.2,16.1875,129.99,4.3,22.67444444,157.3603704,3.8,20.83703704,146.99,4248.7300008,146.99,2017-10-01,1.0,10.370370399999985,7.0551536839240665,Increase,12.0,15.0,125.0,57.3703704,27.370370399999985,0.0,Above,Above,Equal
cool4,cool_stuff,2017-12-01,29,4842.71,24.47137931,166.99,40,1456,1,2425,3.8,38,21,10,1,12,2017,41.42857143,16530,99.99,4.2,15.26666667,129.99,4.3,25.59,166.99,3.8,24.47137931,157.3603704,4842.71,157.3603704,2017-11-01,1.0,9.629629600000015,6.119475682169604,Increase,27.0,2.0,7.4074074074074066,67.00000000000001,37.0,0.0,Above,Above,Equal
cool4,cool_stuff,2018-01-01,13,2170.87,25.28615385,166.99,40,1456,1,2425,3.8,102,23,8,2,1,2018,34.21052632,16530,99.99,4.2,16.54,129.99,4.3,17.41,29.5,4.4,16.53263158,166.99,2170.87,166.99,2017-12-01,1.0,0.0,0.0,No Change,29.0,-16.0,-55.172413793103445,67.00000000000001,37.0,137.49,Above,Above,Above
cool4,cool_stuff,2018-02-01,8,1415.92,22.87625,176.99,40,1456,1,2425,3.8,20,20,8,2,2,2018,21.05263158,16530,99.99,4.2,13.72,129.99,4.3,16.71,176.99,3.8,22.87625,166.99,1415.92,166.99,2018-01-01,1.0,10.0,5.98838253787652,Increase,13.0,-5.0,-38.46153846153847,77.00000000000001,47.0,0.0,Above,Above,Equal
cool4,cool_stuff,2018-03-01,11,1911.89,23.95454545,173.8081818,40,1456,1,2425,3.8,45,22,9,1,3,2018,28.94736842,16530,99.99,4.2,20.78,129.99,4.3,18.49,35.0,4.4,16.25615385,176.99,1911.8899998,176.99,2018-02-01,1.0,-3.1818182000000093,-1.7977389683032992,Decrease,8.0,3.0,37.5,73.8181818,43.81818179999999,138.8081818,Above,Above,Above
cool4,cool_stuff,2018-04-01,6,1019.94,24.87833333,169.99,40,1456,1,2425,3.8,18,21,9,1,4,2018,15.78947368,16530,89.86333333,4.2,19.87666667,129.99,4.3,23.49,35.0,4.4,14.845,173.8081818,1019.94,173.8081818,2018-03-01,1.0,-3.8181817999999907,-2.196779093169244,Decrease,11.0,-5.0,-45.45454545454545,80.12666667,40.0,134.99,Above,Above,Above
cool5,cool_stuff,2017-04-01,2,199.98,21.17,99.99,54,995,1,4475,4.3,33,20,10,2,4,2017,9.703196347,32736,99.99,4.2,14.20235294,129.99,4.3,17.39642857,99.99,4.3,21.17,99.94,199.98,,,,,,First Observation,,,,0.0,-30.000000000000014,0.0,Equal,Below,Equal
cool5,cool_stuff,2017-05-01,18,1799.82,15.57722222,99.99,54,995,1,4475,4.3,58,23,8,1,5,2017,24.65753425,32736,99.99,4.2,15.02090909,129.99,4.3,18.27277778,99.99,4.3,15.57722222,99.99,1799.82,99.99,2017-04-01,1.0,0.0,0.0,No Change,2.0,16.0,800.0,0.0,-30.000000000000014,0.0,Equal,Below,Equal
cool5,cool_stuff,2017-06-01,11,1099.89,20.49090909,99.99,54,995,1,4475,4.3,42,22,8,1,6,2017,15.06849315,32736,99.99,4.2,13.82642857,129.99,4.3,17.06117647,99.99,4.3,20.49090909,99.99,1099.8899999999999,99.99,2017-05-01,1.0,0.0,0.0,No Change,18.0,-7.0,-38.88888888888889,0.0,-30.000000000000014,0.0,Equal,Below,Equal
cool5,cool_stuff,2017-07-01,14,1399.86,19.91214286,99.99,54,995,1,4475,4.3,42,21,10,1,7,2017,19.17808219,32736,99.99,4.2,16.52909091,129.99,4.3,18.715625,99.99,4.3,19.91214286,99.99,1399.86,99.99,2017-06-01,1.0,0.0,0.0,No Change,11.0,3.0,27.27272727272727,0.0,-30.000000000000014,0.0,Equal,Below,Equal
cool5,cool_stuff,2017-08-01,8,799.92,18.22875,99.99,54,995,1,4475,4.3,39,23,8,1,8,2017,10.95890411,32736,99.99,4.2,18.975,116.9275,4.3,19.02125,99.99,4.3,18.22875,99.99,799.92,99.99,2017-07-01,1.0,0.0,0.0,No Change,14.0,-6.0,-42.857142857142854,0.0,-16.9375,0.0,Equal,Below,Equal
cool5,cool_stuff,2017-09-01,6,599.94,17.78166667,99.99,54,995,1,4475,4.3,10,21,9,1,9,2017,8.219178082,32736,99.99,4.2,15.93333333,99.99,4.3,17.78166667,29.5,4.4,11.73,99.99,599.9399999999999,99.99,2017-08-01,1.0,0.0,0.0,No Change,8.0,-2.0,-25.0,0.0,0.0,70.49,Equal,Equal,Above
cool5,cool_stuff,2017-10-01,9,899.91,18.51888889,99.99,54,995,1,4475,4.3,33,22,9,2,10,2017,12.32876712,32736,99.99,4.2,16.95,119.99,4.3,19.997,99.99,4.3,18.51888889,99.99,899.91,99.99,2017-09-01,1.0,0.0,0.0,No Change,6.0,3.0,50.0,0.0,-20.0,0.0,Equal,Below,Equal
cool5,cool_stuff,2017-11-01,2,199.98,17.45,99.99,54,995,1,4475,4.3,42,22,8,4,11,2017,2.739726027,32736,99.99,4.2,16.1875,129.99,4.3,22.67444444,99.99,4.3,17.45,99.99,199.98,99.99,2017-10-01,1.0,0.0,0.0,No Change,9.0,-7.0,-77.77777777777779,0.0,-30.000000000000014,0.0,Equal,Below,Equal
cool5,cool_stuff,2017-12-01,3,299.97,17.95,99.99,54,995,1,4475,4.3,38,21,10,1,12,2017,4.109589041,32736,99.99,4.2,15.26666667,129.99,4.3,25.59,99.99,4.3,17.95,99.99,299.96999999999997,99.99,2017-11-01,1.0,0.0,0.0,No Change,2.0,1.0,50.0,0.0,-30.000000000000014,0.0,Equal,Below,Equal
cool5,cool_stuff,2018-01-01,6,599.94,15.90166667,99.99,54,995,1,4475,4.3,102,23,8,2,1,2018,25.0,32736,99.99,4.2,16.54,129.99,4.3,17.41,29.5,4.4,16.53263158,99.99,599.9399999999999,99.99,2017-12-01,1.0,0.0,0.0,No Change,3.0,3.0,100.0,0.0,-30.000000000000014,70.49,Equal,Below,Above
cool5,cool_stuff,2018-02-01,9,899.91,19.08111111,99.99,54,995,1,4475,4.3,20,20,8,2,2,2018,37.5,32736,99.99,4.2,13.72,129.99,4.3,16.71,99.99,4.3,19.08111111,99.99,899.91,99.99,2018-01-01,1.0,0.0,0.0,No Change,6.0,3.0,50.0,0.0,-30.000000000000014,0.0,Equal,Below,Equal
cool5,cool_stuff,2018-03-01,5,489.76,17.592,97.952,54,995,1,4475,4.3,45,22,9,1,3,2018,20.83333333,32736,99.99,4.2,20.78,129.99,4.3,18.49,35.0,4.4,16.25615385,99.99,489.76,99.99,2018-02-01,1.0,-2.0379999999999967,-2.038203820382035,Decrease,9.0,-4.0,-44.44444444444444,-2.0379999999999967,-32.03800000000001,62.952,Below,Below,Above
cool5,cool_stuff,2018-04-01,4,338.77,18.195,84.6925,54,995,1,4475,4.3,18,21,9,1,4,2018,9.703196347,32736,89.86333333,4.2,19.87666667,129.99,4.3,23.49,35.0,4.4,14.845,97.952,338.77,97.952,2018-03-01,1.0,-13.259500000000003,-13.536732277033654,Decrease,5.0,-1.0,-20.0,-5.170833330000008,-45.297500000000014,49.692499999999995,Below,Below,Above
furniture1,furniture_decor,2017-07-01,1,38.4,7.78,38.4,49,829,1,850,3.7,5,21,10,1,7,2017,5.93883357,10000,75.0,4.1,15.856,38.4,3.7,7.78,38.4,3.7,7.78,38.35,38.4,,,,,,First Observation,,,,-36.6,0.0,0.0,Below,Equal,Equal
furniture1,furniture_decor,2017-08-01,8,307.2,12.105,38.4,49,829,1,850,3.7,14,23,8,1,8,2017,13.82645804,10000,75.0,4.1,15.37692308,38.4,3.7,12.105,38.4,3.7,12.105,38.4,307.2,38.4,2017-07-01,1.0,0.0,0.0,No Change,1.0,7.0,700.0,-36.6,0.0,0.0,Below,Equal,Equal
furniture1,furniture_decor,2017-09-01,12,460.8,17.95,38.4,49,829,1,850,3.7,7,21,9,1,9,2017,16.21621622,10000,38.4,3.7,17.95,38.4,3.7,17.95,38.4,3.7,17.95,38.4,460.79999999999995,38.4,2017-08-01,1.0,0.0,0.0,No Change,8.0,4.0,50.0,0.0,0.0,0.0,Equal,Equal,Equal
furniture1,furniture_decor,2017-10-01,25,960.0,13.98,38.4,49,829,1,850,3.7,17,22,9,2,10,2017,33.78378378,10000,75.0,4.1,13.64,38.4,3.7,13.98,38.4,3.7,13.98,38.4,960.0,38.4,2017-09-01,1.0,0.0,0.0,No Change,12.0,13.0,108.33333333333333,-36.6,0.0,0.0,Below,Equal,Equal
furniture1,furniture_decor,2017-11-01,28,1026.51,13.65214286,36.85428571,49,829,1,850,3.7,64,22,8,4,11,2017,37.83783784,10000,75.0,4.1,16.13272727,36.85428571,3.7,13.65214286,99.9,4.4,21.19,38.4,1031.91999988,38.4,2017-10-01,1.0,-1.5457142899999994,-4.025297630208332,Decrease,25.0,3.0,12.0,-38.14571429,0.0,-63.04571429000001,Below,Equal,Below
furniture1,furniture_decor,2018-01-01,2,76.8,9.34,38.4,49,829,1,850,3.7,125,23,8,2,1,2018,2.105263158,10000,69.9953271,4.1,17.66311475,38.4,3.7,9.34,99.9,4.4,22.81923077,38.35,76.8,36.85428571,2017-11-01,2.0,1.5457142899999994,4.194123587587501,Increase,28.0,-26.0,-92.85714285714286,-31.5953271,0.0,-61.50000000000001,Below,Equal,Below
furniture1,furniture_decor,2018-02-01,9,345.6,18.68555556,38.4,49,829,1,850,3.7,52,20,8,2,2,2018,9.473684211,10000,69.9,4.1,16.11590909,38.4,3.7,18.68555556,99.9,4.4,28.89076923,38.4,345.59999999999997,38.4,2018-01-01,1.0,0.0,0.0,No Change,2.0,7.0,350.0,-31.500000000000007,0.0,-61.50000000000001,Below,Equal,Below
furniture1,furniture_decor,2018-03-01,17,601.8,15.44823529,35.48571429,49,829,1,850,3.7,83,22,9,1,3,2018,17.89473684,10000,69.9,4.1,18.42507692,35.48571429,3.7,15.44823529,99.9,4.4,22.14583333,38.4,603.25714293,38.4,2018-02-01,1.0,-2.9142857100000015,-7.589285703125004,Decrease,9.0,8.0,88.88888888888889,-34.41428571000001,0.0,-64.41428571,Below,Equal,Below
furniture1,furniture_decor,2018-04-01,17,595.0,13.46941176,35.0,49,829,1,850,3.7,92,21,9,1,4,2018,17.89473684,10000,69.9,4.1,9.071566265,35.0,3.7,13.46941176,99.9,4.4,23.32769231,35.48571429,595.0,35.48571429,2018-03-01,1.0,-0.4857142899999971,-1.3687600763242158,Decrease,17.0,0.0,0.0,-34.900000000000006,0.0,-64.9,Below,Equal,Below
furniture1,furniture_decor,2018-05-01,11,385.0,14.63454545,35.0,49,829,1,850,3.7,95,23,8,3,5,2018,11.57894737,10000,69.9,4.1,3.801630435,35.0,3.7,14.63454545,99.9,4.4,19.41076923,35.0,385.0,35.0,2018-04-01,1.0,0.0,0.0,No Change,17.0,-6.0,-35.294117647058826,-34.900000000000006,0.0,-64.9,Below,Equal,Below
furniture1,furniture_decor,2018-06-01,13,455.0,18.10153846,35.0,49,829,1,850,3.7,18,21,9,0,6,2018,13.68421053,10000,89.9,4.1,21.93,35.0,3.7,18.10153846,99.9,4.4,25.636,35.0,455.0,35.0,2018-05-01,1.0,0.0,0.0,No Change,11.0,2.0,18.181818181818183,-54.900000000000006,0.0,-64.9,Below,Equal,Below
furniture1,furniture_decor,2018-07-01,10,350.0,17.238,35.0,49,829,1,850,3.7,22,22,9,1,7,2018,5.93883357,10000,89.9,4.1,29.79,35.0,3.7,17.238,78.53571429,4.4,23.84714286,35.0,350.0,35.0,2018-06-01,1.0,0.0,0.0,No Change,13.0,-3.0,-23.076923076923077,-54.900000000000006,0.0,-43.53571429,Below,Equal,Below
furniture1,furniture_decor,2018-08-01,16,560.0,15.628125,35.0,49,829,1,850,3.7,19,23,8,1,8,2018,13.82645804,10000,103.2333333,4.1,22.3,35.0,3.7,15.628125,83.83333333,4.4,23.77666667,35.0,560.0,35.0,2018-07-01,1.0,0.0,0.0,No Change,10.0,6.0,60.0,-68.2333333,0.0,-48.83333333,Below,Equal,Below
furniture2,furniture_decor,2017-07-01,5,375.0,15.856,75.0,44,903,6,2600,4.1,5,21,10,1,7,2017,2.435113207,15000,75.0,4.1,15.856,38.4,3.7,7.78,75.0,4.1,15.856,74.95,375.0,,,,,,First Observation,,,,0.0,36.6,0.0,Equal,Above,Equal
furniture2,furniture_decor,2017-08-01,13,975.0,15.37692308,75.0,44,903,6,2600,4.1,14,23,8,1,8,2017,6.064950512,15000,75.0,4.1,15.37692308,38.4,3.7,12.105,75.0,4.1,15.37692308,75.0,975.0,75.0,2017-07-01,1.0,0.0,0.0,No Change,5.0,8.0,160.0,0.0,36.6,0.0,Equal,Above,Equal
furniture2,furniture_decor,2017-10-01,5,375.0,13.64,75.0,44,903,6,2600,4.1,17,22,9,2,10,2017,4.385964912,15000,75.0,4.1,13.64,38.4,3.7,13.98,75.0,4.1,13.64,74.95,375.0,75.0,2017-08-01,2.0,0.0,0.0,No Change,13.0,-8.0,-61.53846153846154,0.0,36.6,0.0,Equal,Above,Equal
furniture2,furniture_decor,2017-11-01,44,3300.0,16.13272727,75.0,44,903,6,2600,4.1,64,22,8,4,11,2017,38.59649123,15000,75.0,4.1,16.13272727,36.85428571,3.7,13.65214286,99.9,4.4,21.19,75.0,3300.0,75.0,2017-10-01,1.0,0.0,0.0,No Change,5.0,39.0,780.0,0.0,38.14571429,-24.900000000000006,Equal,Above,Below
furniture2,furniture_decor,2017-12-01,47,3525.0,17.44638298,75.0,44,903,6,2600,4.1,40,21,10,1,12,2017,41.22807018,15000,75.0,4.1,17.44638298,75.0,4.1,17.44638298,99.9,4.4,20.64666667,75.0,3525.0,75.0,2017-11-01,1.0,0.0,0.0,No Change,44.0,3.0,6.8181818181818175,0.0,0.0,-24.900000000000006,Equal,Equal,Below
furniture2,furniture_decor,2018-01-01,122,8538.0,17.66311475,69.9953271,44,903,6,2600,4.1,125,23,8,2,1,2018,29.53995157,15000,69.9953271,4.1,17.66311475,38.4,3.7,9.34,99.9,4.4,22.81923077,75.0,8539.4299062,75.0,2017-12-01,1.0,-5.004672900000003,-6.672897200000004,Decrease,47.0,75.0,159.5744680851064,0.0,31.5953271,-29.90467290000001,Equal,Above,Below
furniture2,furniture_decor,2018-02-01,44,3075.6,16.11590909,69.9,44,903,6,2600,4.1,52,20,8,2,2,2018,10.65375303,15000,69.9,4.1,16.11590909,38.4,3.7,18.68555556,99.9,4.4,28.89076923,69.9953271,3075.6000000000004,69.9953271,2018-01-01,1.0,-0.09532709999999156,-0.13619066293354257,Decrease,122.0,-78.0,-63.934426229508205,0.0,31.500000000000007,-30.0,Equal,Above,Below
furniture2,furniture_decor,2018-03-01,65,4543.5,18.42507692,69.9,44,903,6,2600,4.1,83,22,9,1,3,2018,15.73849879,15000,69.9,4.1,18.42507692,35.48571429,3.7,15.44823529,99.9,4.4,22.14583333,69.9,4543.5,69.9,2018-02-01,1.0,0.0,0.0,No Change,44.0,21.0,47.72727272727273,0.0,34.41428571000001,-30.0,Equal,Above,Below
furniture2,furniture_decor,2018-04-01,83,5801.7,9.071566265,69.9,44,903,6,2600,4.1,92,21,9,1,4,2018,20.0968523,15000,69.9,4.1,9.071566265,35.0,3.7,13.46941176,99.9,4.4,23.32769231,69.9,5801.700000000001,69.9,2018-03-01,1.0,0.0,0.0,No Change,65.0,18.0,27.692307692307693,0.0,34.900000000000006,-30.0,Equal,Above,Below
furniture2,furniture_decor,2018-05-01,92,6430.8,3.801630435,69.9,44,903,6,2600,4.1,95,23,8,3,5,2018,22.27602906,15000,69.9,4.1,3.801630435,35.0,3.7,14.63454545,99.9,4.4,19.41076923,69.9,6430.8,69.9,2018-04-01,1.0,0.0,0.0,No Change,83.0,9.0,10.843373493975903,0.0,34.900000000000006,-30.0,Equal,Above,Below
furniture2,furniture_decor,2018-06-01,2,179.8,21.93,89.9,44,903,6,2600,4.1,18,21,9,0,6,2018,0.484261501,15000,89.9,4.1,21.93,35.0,3.7,18.10153846,99.9,4.4,25.636,69.9,179.8,69.9,2018-05-01,1.0,20.0,28.612303290414875,Increase,92.0,-90.0,-97.82608695652173,0.0,54.900000000000006,-10.0,Equal,Above,Below
furniture2,furniture_decor,2018-07-01,2,179.8,29.79,89.9,44,903,6,2600,4.1,22,22,9,1,7,2018,2.435113207,15000,89.9,4.1,29.79,35.0,3.7,17.238,78.53571429,4.4,23.84714286,89.9,179.8,89.9,2018-06-01,1.0,0.0,0.0,No Change,2.0,0.0,0.0,0.0,54.900000000000006,11.364285710000004,Equal,Above,Above
furniture2,furniture_decor,2018-08-01,3,309.7,22.3,103.2333333,44,903,6,2600,4.1,19,23,8,1,8,2018,6.064950512,15000,103.2333333,4.1,22.3,35.0,3.7,15.628125,83.83333333,4.4,23.77666667,89.9,309.69999989999997,89.9,2018-07-01,1.0,13.333333299999993,14.83129399332591,Increase,2.0,1.0,50.0,0.0,68.2333333,19.399999969999996,Equal,Above,Above
furniture3,furniture_decor,2017-08-01,1,38.4,11.85,38.4,41,789,1,950,3.8,14,23,8,1,8,2017,2.079759863,14000,75.0,4.1,15.37692308,38.4,3.7,12.105,38.4,3.8,11.85,38.35,38.4,,,,,,First Observation,,,,-36.6,0.0,0.0,Below,Equal,Equal
furniture3,furniture_decor,2017-09-01,6,230.4,13.5,38.4,41,789,1,950,3.8,7,21,9,1,9,2017,11.32075472,14000,38.4,3.8,13.5,38.4,3.7,17.95,38.4,3.8,13.5,38.4,230.39999999999998,38.4,2017-08-01,1.0,0.0,0.0,No Change,1.0,5.0,500.0,0.0,0.0,0.0,Equal,Equal,Equal
furniture3,furniture_decor,2017-10-01,8,307.2,15.55875,38.4,41,789,1,950,3.8,17,22,9,2,10,2017,15.09433962,14000,75.0,4.1,13.64,38.4,3.7,13.98,38.4,3.8,15.55875,38.4,307.2,38.4,2017-09-01,1.0,0.0,0.0,No Change,6.0,2.0,33.33333333333333,-36.6,0.0,0.0,Below,Equal,Equal
furniture3,furniture_decor,2017-11-01,34,1170.35,13.75058824,34.58117647,41,789,1,950,3.8,64,22,8,4,11,2017,64.1509434,14000,75.0,4.1,16.13272727,36.85428571,3.7,13.65214286,99.9,4.4,21.19,38.4,1175.75999998,38.4,2017-10-01,1.0,-3.818823529999996,-9.944852942708323,Decrease,8.0,26.0,325.0,-40.41882353,-2.2731092399999966,-65.31882353,Below,Below,Below
furniture3,furniture_decor,2017-12-01,4,153.6,11.015,38.4,41,789,1,950,3.8,40,21,10,1,12,2017,7.547169811,14000,75.0,4.1,17.44638298,38.4,3.8,11.015,99.9,4.4,20.64666667,34.58117647,153.6,34.58117647,2017-11-01,1.0,3.818823529999996,11.04307001617749,Increase,34.0,-30.0,-88.23529411764706,-36.6,0.0,-61.50000000000001,Below,Equal,Below
furniture3,furniture_decor,2018-01-01,15,576.0,14.27533333,38.4,41,789,1,950,3.8,125,23,8,2,1,2018,34.09090909,14000,69.9953271,4.1,17.66311475,38.4,3.7,9.34,99.9,4.4,22.81923077,38.4,576.0,38.4,2017-12-01,1.0,0.0,0.0,No Change,4.0,11.0,275.0,-31.5953271,0.0,-61.50000000000001,Below,Equal,Below
furniture3,furniture_decor,2018-02-01,4,153.6,15.61,38.4,41,789,1,950,3.8,52,20,8,2,2,2018,9.090909091,14000,69.9,4.1,16.11590909,38.4,3.7,18.68555556,99.9,4.4,28.89076923,38.4,153.6,38.4,2018-01-01,1.0,0.0,0.0,No Change,15.0,-11.0,-73.33333333333333,-31.500000000000007,0.0,-61.50000000000001,Below,Equal,Below
furniture3,furniture_decor,2018-03-01,14,493.4,15.18928571,35.48571429,41,789,1,950,3.8,83,22,9,1,3,2018,31.81818182,14000,69.9,4.1,18.42507692,35.48571429,3.7,15.44823529,99.9,4.4,22.14583333,38.4,496.80000005999995,38.4,2018-02-01,1.0,-2.9142857100000015,-7.589285703125004,Decrease,4.0,10.0,250.0,-34.41428571000001,0.0,-64.41428571,Below,Equal,Below
furniture3,furniture_decor,2018-04-01,4,140.0,15.0,35.0,41,789,1,950,3.8,92,21,9,1,4,2018,9.090909091,14000,69.9,4.1,9.071566265,35.0,3.7,13.46941176,99.9,4.4,23.32769231,35.48571429,140.0,35.48571429,2018-03-01,1.0,-0.4857142899999971,-1.3687600763242158,Decrease,14.0,-10.0,-71.42857142857143,-34.900000000000006,0.0,-64.9,Below,Equal,Below
furniture3,furniture_decor,2018-05-01,4,140.0,11.58,35.0,41,789,1,950,3.8,95,23,8,3,5,2018,9.090909091,14000,69.9,4.1,3.801630435,35.0,3.7,14.63454545,99.9,4.4,19.41076923,35.0,140.0,35.0,2018-04-01,1.0,0.0,0.0,No Change,4.0,0.0,0.0,-34.900000000000006,0.0,-64.9,Below,Equal,Below
furniture3,furniture_decor,2018-06-01,2,70.0,19.32,35.0,41,789,1,950,3.8,18,21,9,0,6,2018,4.545454545,14000,89.9,4.1,21.93,35.0,3.7,18.10153846,99.9,4.4,25.636,35.0,70.0,35.0,2018-05-01,1.0,0.0,0.0,No Change,4.0,-2.0,-50.0,-54.900000000000006,0.0,-64.9,Below,Equal,Below
furniture3,furniture_decor,2018-08-01,1,35.0,19.44,35.0,41,789,1,950,3.8,19,23,8,1,8,2018,2.079759863,14000,103.2333333,4.1,22.3,35.0,3.7,15.628125,83.83333333,4.4,23.77666667,34.95,35.0,35.0,2018-06-01,2.0,0.0,0.0,No Change,2.0,-1.0,-50.0,-68.2333333,0.0,-48.83333333,Below,Equal,Below
furniture4,furniture_decor,2017-11-01,1,99.9,21.19,99.9,57,272,1,2500,4.4,64,22,8,4,11,2017,25.0,12000,75.0,4.1,16.13272727,36.85428571,3.7,13.65214286,99.9,4.4,21.19,99.85,99.9,,,,,,First Observation,,,,24.900000000000006,63.04571429000001,0.0,Above,Above,Equal
furniture4,furniture_decor,2017-12-01,3,299.7,20.64666667,99.9,57,272,1,2500,4.4,40,21,10,1,12,2017,75.0,12000,75.0,4.1,17.44638298,99.9,4.4,20.64666667,99.9,4.4,20.64666667,99.9,299.70000000000005,99.9,2017-11-01,1.0,0.0,0.0,No Change,1.0,2.0,200.0,24.900000000000006,0.0,0.0,Above,Equal,Equal
furniture4,furniture_decor,2018-01-01,13,1298.7,22.81923077,99.9,57,272,1,2500,4.4,125,23,8,2,1,2018,13.40206186,12000,69.9953271,4.1,17.66311475,38.4,3.7,9.34,99.9,4.4,22.81923077,99.9,1298.7,99.9,2017-12-01,1.0,0.0,0.0,No Change,3.0,10.0,333.33333333333337,29.90467290000001,61.50000000000001,0.0,Above,Above,Equal
furniture4,furniture_decor,2018-02-01,13,1298.7,28.89076923,99.9,57,272,1,2500,4.4,52,20,8,2,2,2018,13.40206186,12000,69.9,4.1,16.11590909,38.4,3.7,18.68555556,99.9,4.4,28.89076923,99.9,1298.7,99.9,2018-01-01,1.0,0.0,0.0,No Change,13.0,0.0,0.0,30.0,61.50000000000001,0.0,Above,Above,Equal
furniture4,furniture_decor,2018-03-01,12,1198.8,22.14583333,99.9,57,272,1,2500,4.4,83,22,9,1,3,2018,12.37113402,12000,69.9,4.1,18.42507692,35.48571429,3.7,15.44823529,99.9,4.4,22.14583333,99.9,1198.8000000000002,99.9,2018-02-01,1.0,0.0,0.0,No Change,13.0,-1.0,-7.6923076923076925,30.0,64.41428571,0.0,Above,Above,Equal
furniture4,furniture_decor,2018-04-01,13,1298.7,23.32769231,99.9,57,272,1,2500,4.4,92,21,9,1,4,2018,13.40206186,12000,69.9,4.1,9.071566265,35.0,3.7,13.46941176,99.9,4.4,23.32769231,99.9,1298.7,99.9,2018-03-01,1.0,0.0,0.0,No Change,12.0,1.0,8.333333333333332,30.0,64.9,0.0,Above,Above,Equal
furniture4,furniture_decor,2018-05-01,13,1298.7,19.41076923,99.9,57,272,1,2500,4.4,95,23,8,3,5,2018,13.40206186,12000,69.9,4.1,3.801630435,35.0,3.7,14.63454545,99.9,4.4,19.41076923,99.9,1298.7,99.9,2018-04-01,1.0,0.0,0.0,No Change,13.0,0.0,0.0,30.0,64.9,0.0,Above,Above,Equal
furniture4,furniture_decor,2018-06-01,10,999.0,25.636,99.9,57,272,1,2500,4.4,18,21,9,0,6,2018,10.30927835,12000,89.9,4.1,21.93,35.0,3.7,18.10153846,99.9,4.4,25.636,99.9,999.0,99.9,2018-05-01,1.0,0.0,0.0,No Change,13.0,-3.0,-23.076923076923077,10.0,64.9,0.0,Above,Above,Equal
furniture4,furniture_decor,2018-07-01,14,1099.5,23.84714286,78.53571429,57,272,1,2500,4.4,22,22,9,1,7,2018,14.43298969,12000,89.9,4.1,29.79,35.0,3.7,17.238,78.53571429,4.4,23.84714286,99.9,1099.50000006,99.9,2018-06-01,1.0,-21.364285710000004,-21.385671381381385,Decrease,10.0,4.0,40.0,-11.364285710000004,43.53571429,0.0,Below,Above,Equal
furniture4,furniture_decor,2018-08-01,9,754.5,23.77666667,83.83333333,57,272,1,2500,4.4,19,23,8,1,8,2018,9.278350515,12000,103.2333333,4.1,22.3,35.0,3.7,15.628125,83.83333333,4.4,23.77666667,78.53571429,754.49999997,78.53571429,2018-07-01,1.0,5.297619040000001,6.74549036434313,Increase,14.0,-5.0,-35.714285714285715,-19.399999969999996,48.83333333,0.0,Below,Above,Equal
garden1,garden_tools,2017-02-01,1,99.99,28.89,99.99,58,1893,1,5950,4.3,3,20,8,2,2,2017,7.510204082,8000,99.99,4.3,28.89,99.99,4.3,28.89,99.99,4.3,28.89,99.94,99.99,,,,,,First Observation,,,,0.0,0.0,0.0,Equal,Equal,Equal
garden1,garden_tools,2017-03-01,5,499.95,31.946,99.99,58,1893,1,5950,4.3,21,23,8,1,3,2017,8.551020408,8000,99.99,4.3,31.946,99.99,4.3,31.946,99.99,4.3,31.946,99.99,499.95,99.99,2017-02-01,1.0,0.0,0.0,No Change,1.0,4.0,400.0,0.0,0.0,0.0,Equal,Equal,Equal
garden1,garden_tools,2017-05-01,4,439.96,32.0925,109.99,58,1893,1,5950,4.3,34,23,8,1,5,2017,4.040816327,8000,59.9,4.1,19.7325,59.9,4.2,26.24666667,109.99,4.3,32.0925,109.94,439.96,99.99,2017-03-01,2.0,10.0,10.001000100010002,Increase,5.0,-1.0,-20.0,50.089999999999996,50.089999999999996,0.0,Above,Above,Equal
garden1,garden_tools,2017-06-01,6,659.94,38.35166667,109.99,58,1893,1,5950,4.3,26,22,8,1,6,2017,9.06122449,8000,59.9,4.1,17.67,59.9,4.2,16.26,109.99,4.3,38.35166667,109.99,659.9399999999999,109.99,2017-05-01,1.0,0.0,0.0,No Change,4.0,2.0,50.0,50.089999999999996,50.089999999999996,0.0,Above,Above,Equal
garden1,garden_tools,2017-07-01,1,120.0,34.2,120.0,58,1893,1,5950,4.3,74,21,10,1,7,2017,7.510204082,8000,59.9,4.1,16.62642857,59.9,4.2,16.11157895,59.9,4.1,15.39230769,109.99,120.0,109.99,2017-06-01,1.0,10.010000000000005,9.100827347940726,Increase,6.0,-5.0,-83.33333333333334,60.1,60.1,60.1,Above,Above,Above
garden1,garden_tools,2017-08-01,2,240.0,33.83,120.0,58,1893,1,5950,4.3,113,23,8,1,8,2017,7.020408163,8000,59.9,4.1,18.16230769,59.9,4.2,17.68111111,59.9,4.1,18.05043478,120.0,240.0,120.0,2017-07-01,1.0,0.0,0.0,No Change,1.0,1.0,100.0,60.1,60.1,60.1,Above,Above,Above
garden1,garden_tools,2017-09-01,7,735.0,30.04,102.5,58,1893,1,5950,4.3,115,21,9,1,9,2017,7.142857143,8000,59.9,4.1,17.18702703,59.9,4.2,16.81176471,59.9,4.1,16.29461538,120.0,717.5,120.0,2017-08-01,1.0,-17.5,-14.583333333333334,Decrease,2.0,5.0,250.0,42.6,42.6,42.6,Above,Above,Above
garden1,garden_tools,2017-10-01,17,1619.93,41.08941176,95.29,58,1893,1,5950,4.3,146,22,9,2,10,2017,17.34693878,8000,59.9,4.1,18.06589744,59.9,4.2,17.59548387,59.9,4.1,16.81416667,102.5,1619.93,102.5,2017-09-01,1.0,-7.209999999999994,-7.0341463414634084,Decrease,7.0,10.0,142.85714285714286,35.39000000000001,35.39000000000001,35.39000000000001,Above,Above,Above
garden1,garden_tools,2017-11-01,28,2519.72,39.33678571,89.99,58,1893,1,5950,4.3,339,22,8,4,11,2017,28.57142857,8000,52.40694444,4.1,17.06747253,53.64828125,4.2,16.07586207,53.78571429,4.1,18.27550725,95.29,2519.72,95.29,2017-10-01,1.0,-5.300000000000011,-5.561968727043773,Decrease,17.0,11.0,64.70588235294117,37.58305556,36.34171875,36.20428570999999,Above,Above,Above
garden1,garden_tools,2017-12-01,27,2429.73,38.4162963,89.99,58,1893,1,5950,4.3,184,21,10,1,12,2017,27.55102041,8000,55.1,4.1,15.75960784,55.425,4.2,19.184375,55.75,4.1,17.26727273,89.99,2429.73,89.99,2017-11-01,1.0,0.0,0.0,No Change,28.0,-1.0,-3.571428571428571,34.88999999999999,34.565,34.239999999999995,Above,Above,Above
garden1,garden_tools,2018-01-01,11,1405.0,45.97,127.7272727,58,1893,1,5950,4.3,137,23,8,2,1,2018,22.0,8000,49.9,4.1,19.495,49.9,4.2,15.84103448,49.9,4.1,16.50512821,89.99,1404.9999997,89.99,2017-12-01,1.0,37.737272700000005,41.93496244027115,Increase,27.0,-16.0,-59.25925925925925,77.82727270000001,77.82727270000001,77.82727270000001,Above,Above,Above
garden1,garden_tools,2018-02-01,7,840.0,43.38142857,120.0,58,1893,1,5950,4.3,160,20,8,2,2,2018,7.510204082,8000,50.54516129,4.1,16.61153846,50.9,4.2,17.51944444,50.35714286,4.1,18.281875,127.7272727,840.0,127.7272727,2018-01-01,1.0,-7.7272727,-6.049822043996404,Decrease,11.0,-4.0,-36.36363636363637,69.45483870999999,69.1,69.64285713999999,Above,Above,Above
garden1,garden_tools,2018-03-01,6,660.0,54.53166667,110.0,58,1893,1,5950,4.3,116,22,9,1,3,2018,8.551020408,8000,53.9,4.1,20.35967742,53.9,4.2,21.85285714,53.9,4.1,19.02423077,120.0,660.0,120.0,2018-02-01,1.0,-10.0,-8.333333333333332,Decrease,7.0,-1.0,-14.285714285714285,56.1,56.1,56.1,Above,Above,Above
garden1,garden_tools,2018-04-01,5,550.0,42.726,110.0,58,1893,1,5950,4.3,111,21,9,1,4,2018,10.0,8000,53.9,4.1,5.28173913,53.9,4.2,19.46846154,53.9,4.1,19.07142857,110.0,550.0,110.0,2018-03-01,1.0,0.0,0.0,No Change,6.0,-1.0,-16.666666666666664,56.1,56.1,56.1,Above,Above,Above
garden1,garden_tools,2018-05-01,2,220.0,32.23,110.0,58,1893,1,5950,4.3,102,23,8,3,5,2018,4.040816327,8000,53.41515152,4.1,10.75303571,53.70952381,4.2,13.51034483,53.05789474,4.1,12.98,110.0,220.0,110.0,2018-04-01,1.0,0.0,0.0,No Change,5.0,-3.0,-60.0,56.58484848,56.29047619,56.94210526,Above,Above,Above
garden1,garden_tools,2018-06-01,6,539.94,48.17833333,89.99,58,1893,1,5950,4.3,58,21,9,0,6,2018,9.06122449,8000,49.9,4.1,19.89083333,49.9,4.2,23.25166667,49.9,4.1,22.87866667,110.0,539.9399999999999,110.0,2018-05-01,1.0,-20.010000000000005,-18.190909090909095,Decrease,2.0,4.0,200.0,40.089999999999996,40.089999999999996,40.089999999999996,Above,Above,Above
garden1,garden_tools,2018-07-01,7,699.93,43.68,99.99,58,1893,1,5950,4.3,54,22,9,1,7,2018,7.510204082,8000,49.91,4.1,28.37333333,49.9,4.2,33.28142857,49.9,4.1,20.99,89.99,699.93,89.99,2018-06-01,1.0,10.0,11.1123458162018,Increase,6.0,1.0,16.666666666666664,50.08,50.089999999999996,50.089999999999996,Above,Above,Above
garden1,garden_tools,2018-08-01,6,589.94,34.08333333,98.32333333,58,1893,1,5950,4.3,46,23,8,1,8,2018,7.020408163,8000,49.91,4.1,20.32833333,49.9,4.2,36.442,49.9,4.1,32.32,99.99,589.93999998,99.99,2018-07-01,1.0,-1.666666669999998,-1.6668333533353317,Decrease,7.0,-1.0,-14.285714285714285,48.41333333,48.42333333,48.42333333,Above,Above,Above
garden10,garden_tools,2017-05-01,3,179.7,26.24666667,59.9,59,341,2,1750,4.2,34,23,8,1,5,2017,9.115164065,32560,59.9,4.1,19.7325,59.9,4.2,26.24666667,59.9,4.2,26.24666667,59.85,179.7,,,,,,First Observation,,,,0.0,0.0,0.0,Equal,Equal,Equal
garden10,garden_tools,2017-06-01,3,179.7,16.26,59.9,59,341,2,1750,4.2,26,22,8,1,6,2017,2.429117553,32560,59.9,4.1,17.67,59.9,4.2,16.26,59.9,4.2,16.26,59.9,179.7,59.9,2017-05-01,1.0,0.0,0.0,No Change,3.0,0.0,0.0,0.0,0.0,0.0,Equal,Equal,Equal
garden10,garden_tools,2017-07-01,19,1138.1,16.11157895,59.9,59,341,2,1750,4.2,74,21,10,1,7,2017,8.407666985,32560,59.9,4.1,16.62642857,59.9,4.2,16.11157895,59.9,4.1,15.39230769,59.9,1138.1,59.9,2017-06-01,1.0,0.0,0.0,No Change,3.0,16.0,533.3333333333333,0.0,0.0,0.0,Equal,Equal,Equal
garden10,garden_tools,2017-08-01,27,1617.3,17.68111111,59.9,59,341,2,1750,4.2,113,23,8,1,8,2017,9.071360306,32560,59.9,4.1,18.16230769,59.9,4.2,17.68111111,59.9,4.1,18.05043478,59.9,1617.3,59.9,2017-07-01,1.0,0.0,0.0,No Change,19.0,8.0,42.10526315789473,0.0,0.0,0.0,Equal,Equal,Equal
garden10,garden_tools,2017-09-01,17,1018.3,16.81176471,59.9,59,341,2,1750,4.2,115,21,9,1,9,2017,7.762557078,32560,59.9,4.1,17.18702703,59.9,4.2,16.81176471,59.9,4.1,16.29461538,59.9,1018.3,59.9,2017-08-01,1.0,0.0,0.0,No Change,27.0,-10.0,-37.03703703703704,0.0,0.0,0.0,Equal,Equal,Equal
garden10,garden_tools,2017-10-01,31,1856.9,17.59548387,59.9,59,341,2,1750,4.2,146,22,9,2,10,2017,14.15525114,32560,59.9,4.1,18.06589744,59.9,4.2,17.59548387,59.9,4.1,16.81416667,59.9,1856.8999999999999,59.9,2017-09-01,1.0,0.0,0.0,No Change,17.0,14.0,82.35294117647058,0.0,0.0,0.0,Equal,Equal,Equal
garden10,garden_tools,2017-11-01,87,4712.19,16.07586207,53.64828125,59,341,2,1750,4.2,339,22,8,4,11,2017,39.7260274,32560,52.40694444,4.1,17.06747253,53.64828125,4.2,16.07586207,53.78571429,4.1,18.27550725,59.9,4667.40046875,59.9,2017-10-01,1.0,-6.251718750000002,-10.436926126878134,Decrease,31.0,56.0,180.64516129032256,1.24133681,0.0,-0.13743304000000478,Above,Equal,Below
garden10,garden_tools,2017-12-01,32,1769.7,19.184375,55.425,59,341,2,1750,4.2,184,21,10,1,12,2017,14.61187215,32560,55.1,4.1,15.75960784,55.425,4.2,19.184375,55.75,4.1,17.26727273,53.64828125,1773.6,53.64828125,2017-11-01,1.0,1.7767187500000006,3.3117906270296418,Increase,87.0,-55.0,-63.2183908045977,0.32499999999999574,0.0,-0.32500000000000284,Above,Equal,Below
garden10,garden_tools,2018-01-01,29,1447.1,15.84103448,49.9,59,341,2,1750,4.2,137,23,8,2,1,2018,16.86046512,32560,49.9,4.1,19.495,49.9,4.2,15.84103448,49.9,4.1,16.50512821,55.425,1447.1,55.425,2017-12-01,1.0,-5.524999999999999,-9.968425800631483,Decrease,32.0,-3.0,-9.375,0.0,0.0,0.0,Equal,Equal,Equal
garden10,garden_tools,2018-02-01,36,1828.4,17.51944444,50.9,59,341,2,1750,4.2,160,20,8,2,2,2018,20.93023256,32560,50.54516129,4.1,16.61153846,50.9,4.2,17.51944444,50.35714286,4.1,18.281875,49.9,1832.3999999999999,49.9,2018-01-01,1.0,1.0,2.004008016032064,Increase,29.0,7.0,24.137931034482758,0.35483870999999567,0.0,0.5428571399999953,Above,Equal,Above
garden10,garden_tools,2018-03-01,35,1886.5,21.85285714,53.9,59,341,2,1750,4.2,116,22,9,1,3,2018,20.34883721,32560,53.9,4.1,20.35967742,53.9,4.2,21.85285714,53.9,4.1,19.02423077,50.9,1886.5,50.9,2018-02-01,1.0,3.0,5.893909626719057,Increase,36.0,-1.0,-2.7777777777777777,0.0,0.0,0.0,Equal,Equal,Equal
garden10,garden_tools,2018-04-01,13,700.7,19.46846154,53.9,59,341,2,1750,4.2,111,21,9,1,4,2018,7.558139535,32560,53.9,4.1,5.28173913,53.9,4.2,19.46846154,53.9,4.1,19.07142857,53.9,700.6999999999999,53.9,2018-03-01,1.0,0.0,0.0,No Change,35.0,-22.0,-62.857142857142854,0.0,0.0,0.0,Equal,Equal,Equal
garden10,garden_tools,2018-05-01,29,1559.1,13.51034483,53.70952381,59,341,2,1750,4.2,102,23,8,3,5,2018,9.115164065,32560,53.41515152,4.1,10.75303571,53.70952381,4.2,13.51034483,53.05789474,4.1,12.98,53.9,1557.57619049,53.9,2018-04-01,1.0,-0.19047618999999827,-0.3533881076066758,Decrease,13.0,16.0,123.07692307692308,0.2943722899999983,0.0,0.6516290699999985,Above,Equal,Above
garden10,garden_tools,2018-06-01,6,299.4,23.25166667,49.9,59,341,2,1750,4.2,58,21,9,0,6,2018,2.429117553,32560,49.9,4.1,19.89083333,49.9,4.2,23.25166667,49.9,4.1,22.87866667,53.70952381,299.4,53.70952381,2018-05-01,1.0,-3.8095238100000017,-7.092827379137402,Decrease,29.0,-23.0,-79.3103448275862,0.0,0.0,0.0,Equal,Equal,Equal
garden10,garden_tools,2018-07-01,14,698.6,33.28142857,49.9,59,341,2,1750,4.2,54,22,9,1,7,2018,8.407666985,32560,49.91,4.1,28.37333333,49.9,4.2,33.28142857,49.9,4.1,20.99,49.9,698.6,49.9,2018-06-01,1.0,0.0,0.0,No Change,6.0,8.0,133.33333333333331,-0.00999999999999801,0.0,0.0,Below,Equal,Equal
garden10,garden_tools,2018-08-01,10,499.0,36.442,49.9,59,341,2,1750,4.2,46,23,8,1,8,2018,9.071360306,32560,49.91,4.1,20.32833333,49.9,4.2,36.442,49.9,4.1,32.32,49.9,499.0,49.9,2018-07-01,1.0,0.0,0.0,No Change,14.0,-4.0,-28.57142857142857,-0.00999999999999801,0.0,0.0,Below,Equal,Equal
garden2,garden_tools,2017-04-01,5,299.5,18.652,59.9,59,341,2,1850,4.3,17,20,10,2,4,2017,6.593851133,32560,59.9,4.3,18.652,59.9,4.3,18.652,59.9,4.3,18.652,59.85,299.5,,,,,,First Observation,,,,0.0,0.0,0.0,Equal,Equal,Equal
garden2,garden_tools,2017-05-01,2,119.8,17.67,59.9,59,341,2,1850,4.3,34,23,8,1,5,2017,9.30420712,32560,59.9,4.1,19.7325,59.9,4.2,26.24666667,59.9,4.3,17.67,59.9,119.8,59.9,2017-04-01,1.0,0.0,0.0,No Change,5.0,-3.0,-60.0,0.0,0.0,0.0,Equal,Equal,Equal
garden2,garden_tools,2017-06-01,5,299.5,15.978,59.9,59,341,2,1850,4.3,26,22,8,1,6,2017,12.84385113,32560,59.9,4.1,17.67,59.9,4.2,16.26,59.9,4.3,15.978,59.9,299.5,59.9,2017-05-01,1.0,0.0,0.0,No Change,2.0,3.0,150.0,0.0,0.0,0.0,Equal,Equal,Equal
garden2,garden_tools,2017-07-01,15,898.5,17.87866667,59.9,59,341,2,1850,4.3,74,21,10,1,7,2017,13.5315534,32560,59.9,4.1,16.62642857,59.9,4.2,16.11157895,59.9,4.1,15.39230769,59.9,898.5,59.9,2017-06-01,1.0,0.0,0.0,No Change,5.0,10.0,200.0,0.0,0.0,0.0,Equal,Equal,Equal
garden2,garden_tools,2017-08-01,19,1138.1,16.11157895,59.9,59,341,2,1850,4.3,113,23,8,1,8,2017,15.47330097,32560,59.9,4.1,18.16230769,59.9,4.2,17.68111111,59.9,4.1,18.05043478,59.9,1138.1,59.9,2017-07-01,1.0,0.0,0.0,No Change,15.0,4.0,26.666666666666668,0.0,0.0,0.0,Equal,Equal,Equal
garden2,garden_tools,2017-09-01,34,2036.6,19.71176471,59.9,59,341,2,1850,4.3,115,21,9,1,9,2017,33.00970874,32560,59.9,4.1,17.18702703,59.9,4.2,16.81176471,59.9,4.1,16.29461538,59.9,2036.6,59.9,2017-08-01,1.0,0.0,0.0,No Change,19.0,15.0,78.94736842105263,0.0,0.0,0.0,Equal,Equal,Equal
garden2,garden_tools,2017-10-01,13,778.7,18.98153846,59.9,59,341,2,1850,4.3,146,22,9,2,10,2017,12.62135922,32560,59.9,4.1,18.06589744,59.9,4.2,17.59548387,59.9,4.1,16.81416667,59.9,778.6999999999999,59.9,2017-09-01,1.0,0.0,0.0,No Change,34.0,-21.0,-61.76470588235294,0.0,0.0,0.0,Equal,Equal,Equal
garden2,garden_tools,2017-11-01,9,495.5,45.69666667,54.45,59,341,2,1850,4.3,339,22,8,4,11,2017,8.737864078,32560,52.40694444,4.1,17.06747253,53.64828125,4.2,16.07586207,53.78571429,4.1,18.27550725,59.9,490.05,59.9,2017-10-01,1.0,-5.449999999999996,-9.09849749582637,Decrease,13.0,-4.0,-30.76923076923077,2.043055560000006,0.8017187500000063,0.6642857100000015,Above,Above,Above
garden2,garden_tools,2017-12-01,1,49.9,18.0,49.9,59,341,2,1850,4.3,184,21,10,1,12,2017,0.970873786,32560,55.1,4.1,15.75960784,55.425,4.2,19.184375,55.75,4.1,17.26727273,54.45,49.9,54.45,2017-11-01,1.0,-4.550000000000004,-8.356290174472,Decrease,9.0,-8.0,-88.88888888888889,-5.200000000000003,-5.524999999999999,-5.850000000000001,Below,Below,Below
garden2,garden_tools,2018-01-01,1,49.9,35.86,49.9,59,341,2,1850,4.3,137,23,8,2,1,2018,4.166666667,32560,49.9,4.1,19.495,49.9,4.2,15.84103448,49.9,4.1,16.50512821,49.9,49.9,49.9,2017-12-01,1.0,0.0,0.0,No Change,1.0,0.0,0.0,0.0,0.0,0.0,Equal,Equal,Equal
garden2,garden_tools,2018-02-01,4,203.6,33.525,51.23333333,59,341,2,1850,4.3,160,20,8,2,2,2018,16.66666667,32560,50.54516129,4.1,16.61153846,50.9,4.2,17.51944444,50.35714286,4.1,18.281875,49.9,204.93333332,49.9,2018-01-01,1.0,1.333333330000002,2.67201068136273,Increase,1.0,3.0,300.0,0.6881720399999978,0.3333333300000021,0.8761904699999974,Above,Above,Above
garden2,garden_tools,2018-03-01,2,107.8,62.27,53.9,59,341,2,1850,4.3,116,22,9,1,3,2018,8.333333333,32560,53.9,4.1,20.35967742,53.9,4.2,21.85285714,53.9,4.1,19.02423077,51.23333333,107.8,51.23333333,2018-02-01,1.0,2.666666669999998,5.204944704307409,Increase,4.0,-2.0,-50.0,0.0,0.0,0.0,Equal,Equal,Equal
garden2,garden_tools,2018-04-01,2,107.8,33.93,53.9,59,341,2,1850,4.3,111,21,9,1,4,2018,6.593851133,32560,53.9,4.1,5.28173913,53.9,4.2,19.46846154,53.9,4.1,19.07142857,53.9,107.8,53.9,2018-03-01,1.0,0.0,0.0,No Change,2.0,0.0,0.0,0.0,0.0,0.0,Equal,Equal,Equal
garden2,garden_tools,2018-05-01,4,199.6,21.21,49.9,59,341,2,1850,4.3,102,23,8,3,5,2018,9.30420712,32560,53.41515152,4.1,10.75303571,53.70952381,4.2,13.51034483,53.05789474,4.1,12.98,53.9,199.6,53.9,2018-04-01,1.0,-4.0,-7.421150278293136,Decrease,2.0,2.0,100.0,-3.5151515200000034,-3.8095238100000017,-3.1578947400000033,Below,Below,Below
garden2,garden_tools,2018-06-01,5,249.5,22.42,49.9,59,341,2,1850,4.3,58,21,9,0,6,2018,12.84385113,32560,49.9,4.1,19.89083333,49.9,4.2,23.25166667,49.9,4.1,22.87866667,49.9,249.5,49.9,2018-05-01,1.0,0.0,0.0,No Change,4.0,1.0,25.0,0.0,0.0,0.0,Equal,Equal,Equal
garden2,garden_tools,2018-07-01,3,149.7,34.55,49.9,59,341,2,1850,4.3,54,22,9,1,7,2018,13.5315534,32560,49.91,4.1,28.37333333,49.9,4.2,33.28142857,49.9,4.1,20.99,49.9,149.7,49.9,2018-06-01,1.0,0.0,0.0,No Change,5.0,-2.0,-40.0,-0.00999999999999801,0.0,0.0,Below,Equal,Equal
garden2,garden_tools,2018-08-01,3,149.7,20.99,49.9,59,341,2,1850,4.3,46,23,8,1,8,2018,15.47330097,32560,49.91,4.1,20.32833333,49.9,4.2,36.442,49.9,4.1,32.32,49.9,149.7,49.9,2018-07-01,1.0,0.0,0.0,No Change,3.0,0.0,0.0,-0.00999999999999801,0.0,0.0,Below,Equal,Equal
garden3,garden_tools,2017-02-01,1,99.99,33.0,99.99,47,1893,1,6050,4.1,3,20,8,2,2,2017,11.58685065,8000,99.99,4.1,33.0,99.99,4.1,33.0,99.99,4.1,33.0,99.94,99.99,,,,,,First Observation,,,,0.0,0.0,0.0,Equal,Equal,Equal
garden3,garden_tools,2017-03-01,11,1099.89,30.53909091,99.99,47,1893,1,6050,4.1,21,23,8,1,3,2017,11.83035714,8000,99.99,4.1,30.53909091,99.99,4.1,30.53909091,99.99,4.1,30.53909091,99.99,1099.8899999999999,99.99,2017-02-01,1.0,0.0,0.0,No Change,1.0,10.0,1000.0,0.0,0.0,0.0,Equal,Equal,Equal
garden3,garden_tools,2017-04-01,8,759.92,33.71,96.65666667,47,1893,1,6050,4.1,17,20,10,2,4,2017,10.66355519,8000,96.65666667,4.1,33.71,96.65666667,4.1,33.71,96.65666667,4.1,33.71,99.99,773.25333336,99.99,2017-03-01,1.0,-3.333333329999988,-3.333666696669655,Decrease,11.0,-3.0,-27.27272727272727,0.0,0.0,0.0,Equal,Equal,Equal
garden3,garden_tools,2017-05-01,2,219.98,34.13,109.99,47,1893,1,6050,4.1,34,23,8,1,5,2017,7.548701299,8000,59.9,4.1,19.7325,59.9,4.2,26.24666667,109.99,4.1,34.13,96.65666667,219.98,96.65666667,2017-04-01,1.0,13.333333329999988,13.794530464744803,Increase,8.0,-6.0,-75.0,50.089999999999996,50.089999999999996,0.0,Above,Above,Equal
garden3,garden_tools,2017-06-01,2,239.98,34.2,119.99,47,1893,1,6050,4.1,26,22,8,1,6,2017,9.111201299,8000,59.9,4.1,17.67,59.9,4.2,16.26,119.99,4.1,34.2,109.99,239.98,109.99,2017-05-01,1.0,10.0,9.091735612328394,Increase,2.0,0.0,0.0,60.089999999999996,60.089999999999996,0.0,Above,Above,Equal
garden3,garden_tools,2017-07-01,2,240.0,36.28,120.0,47,1893,1,6050,4.1,74,21,10,1,7,2017,5.204951299,8000,59.9,4.1,16.62642857,59.9,4.2,16.11157895,59.9,4.1,15.39230769,119.99,240.0,119.99,2017-06-01,1.0,0.010000000000005116,0.008334027835657235,Increase,2.0,0.0,0.0,60.1,60.1,60.1,Above,Above,Above
garden3,garden_tools,2017-09-01,4,417.0,33.09,104.25,47,1893,1,6050,4.1,115,21,9,1,9,2017,5.194805195,8000,59.9,4.1,17.18702703,59.9,4.2,16.81176471,59.9,4.1,16.29461538,104.2,417.0,120.0,2017-07-01,2.0,-15.75,-13.125,Decrease,2.0,2.0,100.0,44.35,44.35,44.35,Above,Above,Above
garden3,garden_tools,2017-10-01,12,1105.92,30.83416667,92.594,47,1893,1,6050,4.1,146,22,9,2,10,2017,15.58441558,8000,59.9,4.1,18.06589744,59.9,4.2,17.59548387,59.9,4.1,16.81416667,104.25,1111.128,104.25,2017-09-01,1.0,-11.656000000000006,-11.180815347721829,Decrease,4.0,8.0,200.0,32.693999999999996,32.693999999999996,32.693999999999996,Above,Above,Above
garden3,garden_tools,2017-11-01,21,1889.79,47.52571429,89.99,47,1893,1,6050,4.1,339,22,8,4,11,2017,27.27272727,8000,52.40694444,4.1,17.06747253,53.64828125,4.2,16.07586207,53.78571429,4.1,18.27550725,92.594,1889.79,92.594,2017-10-01,1.0,-2.603999999999999,-2.812277253385748,Decrease,12.0,9.0,75.0,37.58305556,36.34171875,36.20428570999999,Above,Above,Above
garden3,garden_tools,2017-12-01,14,1259.86,42.60714286,89.99,47,1893,1,6050,4.1,184,21,10,1,12,2017,18.18181818,8000,55.1,4.1,15.75960784,55.425,4.2,19.184375,55.75,4.1,17.26727273,89.99,1259.86,89.99,2017-11-01,1.0,0.0,0.0,No Change,21.0,-7.0,-33.33333333333333,34.88999999999999,34.565,34.239999999999995,Above,Above,Above
garden3,garden_tools,2018-01-01,12,1479.98,39.19416667,123.3316667,47,1893,1,6050,4.1,137,23,8,2,1,2018,18.75,8000,49.9,4.1,19.495,49.9,4.2,15.84103448,49.9,4.1,16.50512821,89.99,1479.9800003999999,89.99,2017-12-01,1.0,33.341666700000005,37.05041304589399,Increase,14.0,-2.0,-14.285714285714285,73.4316667,73.4316667,73.4316667,Above,Above,Above
garden3,garden_tools,2018-02-01,14,1680.0,33.00214286,120.0,47,1893,1,6050,4.1,160,20,8,2,2,2018,11.58685065,8000,50.54516129,4.1,16.61153846,50.9,4.2,17.51944444,50.35714286,4.1,18.281875,123.3316667,1680.0,123.3316667,2018-01-01,1.0,-3.3316666999999995,-2.701387882889934,Decrease,12.0,2.0,16.666666666666664,69.45483870999999,69.1,69.64285713999999,Above,Above,Above
garden3,garden_tools,2018-03-01,6,680.0,50.19333333,113.3333333,47,1893,1,6050,4.1,116,22,9,1,3,2018,11.83035714,8000,53.9,4.1,20.35967742,53.9,4.2,21.85285714,53.9,4.1,19.02423077,120.0,679.9999998000001,120.0,2018-02-01,1.0,-6.666666699999993,-5.555555583333327,Decrease,14.0,-8.0,-57.14285714285714,59.43333330000001,59.43333330000001,59.43333330000001,Above,Above,Above
garden3,garden_tools,2018-04-01,7,770.0,42.21142857,110.0,47,1893,1,6050,4.1,111,21,9,1,4,2018,10.66355519,8000,53.9,4.1,5.28173913,53.9,4.2,19.46846154,53.9,4.1,19.07142857,113.3333333,770.0,113.3333333,2018-03-01,1.0,-3.3333333000000067,-2.9411764420415283,Decrease,6.0,1.0,16.666666666666664,56.1,56.1,56.1,Above,Above,Above
garden3,garden_tools,2018-05-01,8,880.0,39.37125,110.0,47,1893,1,6050,4.1,102,23,8,3,5,2018,7.548701299,8000,53.41515152,4.1,10.75303571,53.70952381,4.2,13.51034483,53.05789474,4.1,12.98,110.0,880.0,110.0,2018-04-01,1.0,0.0,0.0,No Change,7.0,1.0,14.285714285714285,56.58484848,56.29047619,56.94210526,Above,Above,Above
garden3,garden_tools,2018-06-01,10,969.9,41.186,96.65666667,47,1893,1,6050,4.1,58,21,9,0,6,2018,9.111201299,8000,49.9,4.1,19.89083333,49.9,4.2,23.25166667,49.9,4.1,22.87866667,110.0,966.5666667,110.0,2018-05-01,1.0,-13.343333329999993,-12.13030302727272,Decrease,8.0,2.0,25.0,46.75666667000001,46.75666667000001,46.75666667000001,Above,Above,Above
garden3,garden_tools,2018-07-01,5,499.95,44.232,99.99,47,1893,1,6050,4.1,54,22,9,1,7,2018,5.204951299,8000,49.91,4.1,28.37333333,49.9,4.2,33.28142857,49.9,4.1,20.99,96.65666667,499.95,96.65666667,2018-06-01,1.0,3.333333329999988,3.4486326135997167,Increase,10.0,-5.0,-50.0,50.08,50.089999999999996,50.089999999999996,Above,Above,Above
garden3,garden_tools,2018-08-01,2,199.98,47.745,99.99,47,1893,1,6050,4.1,46,23,8,1,8,2018,3.125,8000,49.91,4.1,20.32833333,49.9,4.2,36.442,49.9,4.1,32.32,99.99,199.98,99.99,2018-07-01,1.0,0.0,0.0,No Change,5.0,-3.0,-60.0,50.08,50.089999999999996,50.089999999999996,Above,Above,Above
garden4,garden_tools,2017-07-01,13,778.7,15.39230769,59.9,57,366,2,1650,4.1,74,21,10,1,7,2017,4.072301967,19800,59.9,4.1,16.62642857,59.9,4.2,16.11157895,59.9,4.1,15.39230769,59.85,778.6999999999999,,,,,,First Observation,,,,0.0,0.0,0.0,Equal,Equal,Equal
garden4,garden_tools,2017-08-01,23,1377.7,18.05043478,59.9,57,366,2,1650,4.1,113,23,8,1,8,2017,7.387028177,19800,59.9,4.1,18.16230769,59.9,4.2,17.68111111,59.9,4.1,18.05043478,59.9,1377.7,59.9,2017-07-01,1.0,0.0,0.0,No Change,13.0,10.0,76.92307692307693,0.0,0.0,0.0,Equal,Equal,Equal
garden4,garden_tools,2017-09-01,13,778.7,16.29461538,59.9,57,366,2,1650,4.1,115,21,9,1,9,2017,6.565656566,19800,59.9,4.1,17.18702703,59.9,4.2,16.81176471,59.9,4.1,16.29461538,59.9,778.6999999999999,59.9,2017-08-01,1.0,0.0,0.0,No Change,23.0,-10.0,-43.47826086956522,0.0,0.0,0.0,Equal,Equal,Equal
garden4,garden_tools,2017-10-01,36,2156.4,16.81416667,59.9,57,366,2,1650,4.1,146,22,9,2,10,2017,18.18181818,19800,59.9,4.1,18.06589744,59.9,4.2,17.59548387,59.9,4.1,16.81416667,59.9,2156.4,59.9,2017-09-01,1.0,0.0,0.0,No Change,13.0,23.0,176.9230769230769,0.0,0.0,0.0,Equal,Equal,Equal
garden4,garden_tools,2017-11-01,69,3711.7,18.27550725,53.78571429,57,366,2,1650,4.1,339,22,8,4,11,2017,34.84848485,19800,52.40694444,4.1,17.06747253,53.64828125,4.2,16.07586207,53.78571429,4.1,18.27550725,59.9,3711.2142860100003,59.9,2017-10-01,1.0,-6.114285709999997,-10.20748866444073,Decrease,36.0,33.0,91.66666666666666,1.3787698500000047,0.13743304000000478,0.0,Above,Above,Equal
garden4,garden_tools,2017-12-01,44,2468.6,17.26727273,55.75,57,366,2,1650,4.1,184,21,10,1,12,2017,22.22222222,19800,55.1,4.1,15.75960784,55.425,4.2,19.184375,55.75,4.1,17.26727273,53.78571429,2453.0,53.78571429,2017-11-01,1.0,1.9642857099999986,3.652058424675796,Increase,69.0,-25.0,-36.231884057971016,0.6499999999999986,0.32500000000000284,0.0,Above,Above,Equal
garden4,garden_tools,2018-01-01,39,1946.1,16.50512821,49.9,57,366,2,1650,4.1,137,23,8,2,1,2018,20.52631579,19800,49.9,4.1,19.495,49.9,4.2,15.84103448,49.9,4.1,16.50512821,55.75,1946.1,55.75,2017-12-01,1.0,-5.850000000000001,-10.4932735426009,Decrease,44.0,-5.0,-11.363636363636363,0.0,0.0,0.0,Equal,Equal,Equal
garden4,garden_tools,2018-02-01,48,2411.2,18.281875,50.35714286,57,366,2,1650,4.1,160,20,8,2,2,2018,25.26315789,19800,50.54516129,4.1,16.61153846,50.9,4.2,17.51944444,50.35714286,4.1,18.281875,49.9,2417.14285728,49.9,2018-01-01,1.0,0.4571428600000047,0.9161179559118332,Increase,39.0,9.0,23.076923076923077,-0.18801842999999963,-0.5428571399999953,0.0,Below,Below,Equal
garden4,garden_tools,2018-03-01,26,1401.4,19.02423077,53.9,57,366,2,1650,4.1,116,22,9,1,3,2018,13.68421053,19800,53.9,4.1,20.35967742,53.9,4.2,21.85285714,53.9,4.1,19.02423077,50.35714286,1401.3999999999999,50.35714286,2018-02-01,1.0,3.5428571399999953,7.035460986834857,Increase,48.0,-22.0,-45.83333333333333,0.0,0.0,0.0,Equal,Equal,Equal
garden4,garden_tools,2018-04-01,28,1509.2,19.07142857,53.9,57,366,2,1650,4.1,111,21,9,1,4,2018,14.73684211,19800,53.9,4.1,5.28173913,53.9,4.2,19.46846154,53.9,4.1,19.07142857,53.9,1509.2,53.9,2018-03-01,1.0,0.0,0.0,No Change,26.0,2.0,7.6923076923076925,0.0,0.0,0.0,Equal,Equal,Equal
garden4,garden_tools,2018-05-01,25,1319.5,12.98,53.05789474,57,366,2,1650,4.1,102,23,8,3,5,2018,13.15789474,19800,53.41515152,4.1,10.75303571,53.70952381,4.2,13.51034483,53.05789474,4.1,12.98,53.9,1326.4473685,53.9,2018-04-01,1.0,-0.8421052599999967,-1.5623474211502724,Decrease,28.0,-3.0,-10.714285714285714,-0.35725678000000016,-0.6516290699999985,0.0,Below,Below,Equal
garden4,garden_tools,2018-06-01,15,748.5,22.87866667,49.9,57,366,2,1650,4.1,58,21,9,0,6,2018,7.894736842,19800,49.9,4.1,19.89083333,49.9,4.2,23.25166667,49.9,4.1,22.87866667,53.05789474,748.5,53.05789474,2018-05-01,1.0,-3.1578947400000033,-5.951790502572065,Decrease,25.0,-10.0,-40.0,0.0,0.0,0.0,Equal,Equal,Equal
garden4,garden_tools,2018-07-01,3,149.7,20.99,49.9,57,366,2,1650,4.1,54,22,9,1,7,2018,4.072301967,19800,49.91,4.1,28.37333333,49.9,4.2,33.28142857,49.9,4.1,20.99,49.9,149.7,49.9,2018-06-01,1.0,0.0,0.0,No Change,15.0,-12.0,-80.0,-0.00999999999999801,0.0,0.0,Below,Equal,Equal
garden4,garden_tools,2018-08-01,6,299.4,32.32,49.9,57,366,2,1650,4.1,46,23,8,1,8,2018,7.387028177,19800,49.91,4.1,20.32833333,49.9,4.2,36.442,49.9,4.1,32.32,49.9,299.4,49.9,2018-07-01,1.0,0.0,0.0,No Change,3.0,3.0,100.0,-0.00999999999999801,0.0,0.0,Below,Equal,Equal
garden5,garden_tools,2017-03-01,6,419.4,32.68,69.9,36,450,1,9000,4.1,21,23,8,1,3,2017,9.107142857,19656,69.9,4.1,32.68,69.9,4.1,32.68,69.9,4.1,32.68,69.85,419.40000000000003,,,,,,First Observation,,,,0.0,0.0,0.0,Equal,Equal,Equal
garden5,garden_tools,2017-04-01,3,247.9,34.21666667,82.63333333,36,450,1,9000,4.1,17,20,10,2,4,2017,7.678571429,19656,82.63333333,4.1,34.21666667,82.63333333,4.1,34.21666667,82.63333333,4.1,34.21666667,69.9,247.89999999,69.9,2017-03-01,1.0,12.733333329999994,18.21649975679541,Increase,6.0,-3.0,-50.0,0.0,0.0,0.0,Equal,Equal,Equal
garden5,garden_tools,2017-05-01,20,1956.0,39.8975,97.58823529,36,450,1,9000,4.1,34,23,8,1,5,2017,19.04761905,19656,59.9,4.1,19.7325,59.9,4.2,26.24666667,97.58823529,4.1,39.8975,82.63333333,1951.7647058,82.63333333,2017-04-01,1.0,14.95490196,18.097904752646148,Increase,3.0,17.0,566.6666666666667,37.68823529,37.68823529,0.0,Above,Above,Equal
garden5,garden_tools,2017-06-01,8,712.0,40.80125,89.0,36,450,1,9000,4.1,26,22,8,1,6,2017,7.619047619,19656,59.9,4.1,17.67,59.9,4.2,16.26,89.0,4.1,40.80125,97.58823529,712.0,97.58823529,2017-05-01,1.0,-8.58823529,-8.800482214355657,Decrease,20.0,-12.0,-60.0,29.1,29.1,0.0,Above,Above,Equal
garden5,garden_tools,2017-07-01,10,890.0,39.156,89.0,36,450,1,9000,4.1,74,21,10,1,7,2017,9.523809524,19656,59.9,4.1,16.62642857,59.9,4.2,16.11157895,59.9,4.1,15.39230769,89.0,890.0,89.0,2017-06-01,1.0,0.0,0.0,No Change,8.0,2.0,25.0,29.1,29.1,29.1,Above,Above,Above
garden5,garden_tools,2017-08-01,7,683.0,39.5,97.33333333,36,450,1,9000,4.1,113,23,8,1,8,2017,6.666666667,19656,59.9,4.1,18.16230769,59.9,4.2,17.68111111,59.9,4.1,18.05043478,89.0,681.3333333100001,89.0,2017-07-01,1.0,8.333333330000002,9.363295876404496,Increase,10.0,-3.0,-30.0,37.43333333,37.43333333,37.43333333,Above,Above,Above
garden5,garden_tools,2017-09-01,9,891.0,39.01888889,99.0,36,450,1,9000,4.1,115,21,9,1,9,2017,8.571428571,19656,59.9,4.1,17.18702703,59.9,4.2,16.81176471,59.9,4.1,16.29461538,97.33333333,891.0,97.33333333,2017-08-01,1.0,1.666666669999998,1.7123287706065846,Increase,7.0,2.0,28.57142857142857,39.1,39.1,39.1,Above,Above,Above
garden5,garden_tools,2017-10-01,14,1386.0,45.77642857,99.0,36,450,1,9000,4.1,146,22,9,2,10,2017,13.33333333,19656,59.9,4.1,18.06589744,59.9,4.2,17.59548387,59.9,4.1,16.81416667,99.0,1386.0,99.0,2017-09-01,1.0,0.0,0.0,No Change,9.0,5.0,55.55555555555556,39.1,39.1,39.1,Above,Above,Above
garden5,garden_tools,2017-11-01,17,1683.0,32.86352941,99.0,36,450,1,9000,4.1,339,22,8,4,11,2017,16.19047619,19656,52.40694444,4.1,17.06747253,53.64828125,4.2,16.07586207,53.78571429,4.1,18.27550725,99.0,1683.0,99.0,2017-10-01,1.0,0.0,0.0,No Change,14.0,3.0,21.428571428571427,46.59305556,45.35171875,45.21428571,Above,Above,Above
garden5,garden_tools,2017-12-01,11,1089.0,38.05545455,99.0,36,450,1,9000,4.1,184,21,10,1,12,2017,10.47619048,19656,55.1,4.1,15.75960784,55.425,4.2,19.184375,55.75,4.1,17.26727273,99.0,1089.0,99.0,2017-11-01,1.0,0.0,0.0,No Change,17.0,-6.0,-35.294117647058826,43.9,43.575,43.25,Above,Above,Above
garden5,garden_tools,2018-01-01,4,398.0,41.54,99.5,36,450,1,9000,4.1,137,23,8,2,1,2018,50.0,19656,49.9,4.1,19.495,49.9,4.2,15.84103448,49.9,4.1,16.50512821,99.0,398.0,99.0,2017-12-01,1.0,0.5,0.5050505050505051,Increase,11.0,-7.0,-63.63636363636363,49.6,49.6,49.6,Above,Above,Above
garden5,garden_tools,2018-02-01,2,202.0,43.555,101.0,36,450,1,9000,4.1,160,20,8,2,2,2018,25.0,19656,50.54516129,4.1,16.61153846,50.9,4.2,17.51944444,50.35714286,4.1,18.281875,99.5,202.0,99.5,2018-01-01,1.0,1.5,1.507537688442211,Increase,4.0,-2.0,-50.0,50.45483871,50.1,50.64285714,Above,Above,Above
garden5,garden_tools,2018-03-01,1,101.0,67.02,101.0,36,450,1,9000,4.1,116,22,9,1,3,2018,9.107142857,19656,53.9,4.1,20.35967742,53.9,4.2,21.85285714,53.9,4.1,19.02423077,101.0,101.0,101.0,2018-02-01,1.0,0.0,0.0,No Change,2.0,-1.0,-50.0,47.1,47.1,47.1,Above,Above,Above
garden5,garden_tools,2018-04-01,1,101.0,79.76,101.0,36,450,1,9000,4.1,111,21,9,1,4,2018,7.678571429,19656,53.9,4.1,5.28173913,53.9,4.2,19.46846154,53.9,4.1,19.07142857,101.0,101.0,101.0,2018-03-01,1.0,0.0,0.0,No Change,1.0,0.0,0.0,47.1,47.1,47.1,Above,Above,Above
garden6,garden_tools,2017-05-01,4,239.6,19.7325,59.9,56,348,2,1550,4.1,34,23,8,1,5,2017,14.18617614,19800,59.9,4.1,19.7325,59.9,4.2,26.24666667,59.9,4.1,19.7325,59.85,239.6,,,,,,First Observation,,,,0.0,0.0,0.0,Equal,Equal,Equal
garden6,garden_tools,2017-06-01,1,59.9,17.67,59.9,56,348,2,1550,4.1,26,22,8,1,6,2017,3.065774805,19800,59.9,4.1,17.67,59.9,4.2,16.26,59.9,4.1,17.67,59.9,59.9,59.9,2017-05-01,1.0,0.0,0.0,No Change,4.0,-3.0,-75.0,0.0,0.0,0.0,Equal,Equal,Equal
garden6,garden_tools,2017-07-01,14,838.6,16.62642857,59.9,56,348,2,1550,4.1,74,21,10,1,7,2017,3.978539576,19800,59.9,4.1,16.62642857,59.9,4.2,16.11157895,59.9,4.1,15.39230769,59.9,838.6,59.9,2017-06-01,1.0,0.0,0.0,No Change,1.0,13.0,1300.0,0.0,0.0,0.0,Equal,Equal,Equal
garden6,garden_tools,2017-08-01,39,2336.1,18.16230769,59.9,56,348,2,1550,4.1,113,23,8,1,8,2017,8.507525084,19800,59.9,4.1,18.16230769,59.9,4.2,17.68111111,59.9,4.1,18.05043478,59.9,2336.1,59.9,2017-07-01,1.0,0.0,0.0,No Change,14.0,25.0,178.57142857142858,0.0,0.0,0.0,Equal,Equal,Equal
garden6,garden_tools,2017-09-01,37,2216.3,17.18702703,59.9,56,348,2,1550,4.1,115,21,9,1,9,2017,13.4057971,19800,59.9,4.1,17.18702703,59.9,4.2,16.81176471,59.9,4.1,16.29461538,59.9,2216.2999999999997,59.9,2017-08-01,1.0,0.0,0.0,No Change,39.0,-2.0,-5.128205128205128,0.0,0.0,0.0,Equal,Equal,Equal
garden6,garden_tools,2017-10-01,39,2336.1,18.06589744,59.9,56,348,2,1550,4.1,146,22,9,2,10,2017,14.13043478,19800,59.9,4.1,18.06589744,59.9,4.2,17.59548387,59.9,4.1,16.81416667,59.9,2336.1,59.9,2017-09-01,1.0,0.0,0.0,No Change,37.0,2.0,5.405405405405405,0.0,0.0,0.0,Equal,Equal,Equal
garden6,garden_tools,2017-11-01,91,4769.7,17.06747253,52.40694444,56,348,2,1550,4.1,339,22,8,4,11,2017,32.97101449,19800,52.40694444,4.1,17.06747253,53.64828125,4.2,16.07586207,53.78571429,4.1,18.27550725,59.9,4769.03194404,59.9,2017-10-01,1.0,-7.493055560000002,-12.509274724540905,Decrease,39.0,52.0,133.33333333333331,0.0,-1.24133681,-1.3787698500000047,Equal,Below,Below
garden6,garden_tools,2017-12-01,51,2881.6,15.75960784,55.1,56,348,2,1550,4.1,184,21,10,1,12,2017,18.47826087,19800,55.1,4.1,15.75960784,55.425,4.2,19.184375,55.75,4.1,17.26727273,52.40694444,2810.1,52.40694444,2017-11-01,1.0,2.693055560000005,5.138737983633539,Increase,91.0,-40.0,-43.956043956043956,0.0,-0.32499999999999574,-0.6499999999999986,Equal,Below,Below
garden6,garden_tools,2018-01-01,12,598.8,19.495,49.9,56,348,2,1550,4.1,137,23,8,2,1,2018,5.769230769,19800,49.9,4.1,19.495,49.9,4.2,15.84103448,49.9,4.1,16.50512821,55.1,598.8,55.1,2017-12-01,1.0,-5.200000000000003,-9.437386569872963,Decrease,51.0,-39.0,-76.47058823529412,0.0,0.0,0.0,Equal,Equal,Equal
garden6,garden_tools,2018-02-01,39,1970.1,16.61153846,50.54516129,56,348,2,1550,4.1,160,20,8,2,2,2018,18.75,19800,50.54516129,4.1,16.61153846,50.9,4.2,17.51944444,50.35714286,4.1,18.281875,49.9,1971.26129031,49.9,2018-01-01,1.0,0.6451612900000043,1.2929083967935957,Increase,12.0,27.0,225.0,0.0,-0.35483870999999567,0.18801842999999963,Equal,Below,Above
garden6,garden_tools,2018-03-01,31,1670.9,20.35967742,53.9,56,348,2,1550,4.1,116,22,9,1,3,2018,14.90384615,19800,53.9,4.1,20.35967742,53.9,4.2,21.85285714,53.9,4.1,19.02423077,50.54516129,1670.8999999999999,50.54516129,2018-02-01,1.0,3.3548387099999957,6.637309337587823,Increase,39.0,-8.0,-20.51282051282051,0.0,0.0,0.0,Equal,Equal,Equal
garden6,garden_tools,2018-04-01,46,2479.4,5.28173913,53.9,56,348,2,1550,4.1,111,21,9,1,4,2018,22.11538462,19800,53.9,4.1,5.28173913,53.9,4.2,19.46846154,53.9,4.1,19.07142857,53.9,2479.4,53.9,2018-03-01,1.0,0.0,0.0,No Change,31.0,15.0,48.38709677419355,0.0,0.0,0.0,Equal,Equal,Equal
garden6,garden_tools,2018-05-01,56,2982.4,10.75303571,53.41515152,56,348,2,1550,4.1,102,23,8,3,5,2018,14.18617614,19800,53.41515152,4.1,10.75303571,53.70952381,4.2,13.51034483,53.05789474,4.1,12.98,53.9,2991.24848512,53.9,2018-04-01,1.0,-0.4848484799999966,-0.8995333580704945,Decrease,46.0,10.0,21.73913043478261,0.0,-0.2943722899999983,0.35725678000000016,Equal,Below,Above
garden6,garden_tools,2018-06-01,12,598.8,19.89083333,49.9,56,348,2,1550,4.1,58,21,9,0,6,2018,3.065774805,19800,49.9,4.1,19.89083333,49.9,4.2,23.25166667,49.9,4.1,22.87866667,53.41515152,598.8,53.41515152,2018-05-01,1.0,-3.5151515200000034,-6.580813533186067,Decrease,56.0,-44.0,-78.57142857142857,0.0,0.0,0.0,Equal,Equal,Equal
garden6,garden_tools,2018-07-01,6,299.46,28.37333333,49.91,56,348,2,1550,4.1,54,22,9,1,7,2018,3.978539576,19800,49.91,4.1,28.37333333,49.9,4.2,33.28142857,49.9,4.1,20.99,49.9,299.46,49.9,2018-06-01,1.0,0.00999999999999801,0.020040080160316654,Increase,12.0,-6.0,-50.0,0.0,0.00999999999999801,0.00999999999999801,Equal,Above,Above
garden6,garden_tools,2018-08-01,6,299.46,20.32833333,49.91,56,348,2,1550,4.1,46,23,8,1,8,2018,8.507525084,19800,49.91,4.1,20.32833333,49.9,4.2,36.442,49.9,4.1,32.32,49.91,299.46,49.91,2018-07-01,1.0,0.0,0.0,No Change,6.0,0.0,0.0,0.0,0.00999999999999801,0.00999999999999801,Equal,Above,Above
garden7,garden_tools,2017-04-01,1,59.9,17.16,59.9,57,339,2,1800,4.2,17,20,10,2,4,2017,7.879612825,32560,59.9,4.2,17.16,59.9,4.2,17.16,59.9,4.2,17.16,59.85,59.9,,,,,,First Observation,,,,0.0,0.0,0.0,Equal,Equal,Equal
garden7,garden_tools,2017-05-01,1,59.9,13.44,59.9,57,339,2,1800,4.2,34,23,8,1,5,2017,8.756805808,32560,59.9,4.1,19.7325,59.9,4.2,26.24666667,59.9,4.2,13.44,59.9,59.9,59.9,2017-04-01,1.0,0.0,0.0,No Change,1.0,0.0,0.0,0.0,0.0,0.0,Equal,Equal,Equal
garden7,garden_tools,2017-07-01,4,239.6,17.67,59.9,57,339,2,1800,4.2,74,21,10,1,7,2017,8.711433757,32560,59.9,4.1,16.62642857,59.9,4.2,16.11157895,59.9,4.1,15.39230769,59.85,239.6,59.9,2017-05-01,2.0,0.0,0.0,No Change,1.0,3.0,300.0,0.0,0.0,0.0,Equal,Equal,Equal
garden7,garden_tools,2017-08-01,6,359.4,16.26,59.9,57,339,2,1800,4.2,113,23,8,1,8,2017,11.31276467,32560,59.9,4.1,18.16230769,59.9,4.2,17.68111111,59.9,4.1,18.05043478,59.9,359.4,59.9,2017-07-01,1.0,0.0,0.0,No Change,4.0,2.0,50.0,0.0,0.0,0.0,Equal,Equal,Equal
garden7,garden_tools,2017-09-01,5,299.5,16.782,59.9,57,339,2,1800,4.2,115,21,9,1,9,2017,8.620689655,32560,59.9,4.1,17.18702703,59.9,4.2,16.81176471,59.9,4.1,16.29461538,59.9,299.5,59.9,2017-08-01,1.0,0.0,0.0,No Change,6.0,-1.0,-16.666666666666664,0.0,0.0,0.0,Equal,Equal,Equal
garden7,garden_tools,2017-10-01,11,658.9,14.80727273,59.9,57,339,2,1800,4.2,146,22,9,2,10,2017,18.96551724,32560,59.9,4.1,18.06589744,59.9,4.2,17.59548387,59.9,4.1,16.81416667,59.9,658.9,59.9,2017-09-01,1.0,0.0,0.0,No Change,5.0,6.0,120.0,0.0,0.0,0.0,Equal,Equal,Equal
garden7,garden_tools,2017-11-01,20,1043.6,16.016,51.32222222,57,339,2,1800,4.2,339,22,8,4,11,2017,34.48275862,32560,52.40694444,4.1,17.06747253,53.64828125,4.2,16.07586207,53.78571429,4.1,18.27550725,59.9,1026.4444444,59.9,2017-10-01,1.0,-8.577777779999998,-14.320163238731215,Decrease,11.0,9.0,81.81818181818183,-1.0847222199999962,-2.326059029999996,-2.463492070000001,Below,Below,Below
garden7,garden_tools,2017-12-01,10,571.8,18.103,56.97777778,57,339,2,1800,4.2,184,21,10,1,12,2017,17.24137931,32560,55.1,4.1,15.75960784,55.425,4.2,19.184375,55.75,4.1,17.26727273,51.32222222,569.7777778,51.32222222,2017-11-01,1.0,5.655555559999996,11.019701243170363,Increase,20.0,-10.0,-50.0,1.8777777799999953,1.5527777799999996,1.2277777799999967,Above,Above,Above
garden7,garden_tools,2018-01-01,11,548.9,21.98272727,49.9,57,339,2,1800,4.2,137,23,8,2,1,2018,19.29824561,32560,49.9,4.1,19.495,49.9,4.2,15.84103448,49.9,4.1,16.50512821,56.97777778,548.9,56.97777778,2017-12-01,1.0,-7.077777779999998,-12.421996883290872,Decrease,10.0,1.0,10.0,0.0,0.0,0.0,Equal,Equal,Equal
garden7,garden_tools,2018-02-01,8,411.2,14.08375,51.4,57,339,2,1800,4.2,160,20,8,2,2,2018,14.03508772,32560,50.54516129,4.1,16.61153846,50.9,4.2,17.51944444,50.35714286,4.1,18.281875,49.9,411.2,49.9,2018-01-01,1.0,1.5,3.0060120240480965,Increase,11.0,-3.0,-27.27272727272727,0.8548387099999957,0.5,1.0428571399999953,Above,Above,Above
garden7,garden_tools,2018-03-01,3,161.7,21.35,53.9,57,339,2,1800,4.2,116,22,9,1,3,2018,5.263157895,32560,53.9,4.1,20.35967742,53.9,4.2,21.85285714,53.9,4.1,19.02423077,51.4,161.7,51.4,2018-02-01,1.0,2.5,4.863813229571985,Increase,8.0,-5.0,-62.5,0.0,0.0,0.0,Equal,Equal,Equal
garden7,garden_tools,2018-04-01,8,431.2,19.56375,53.9,57,339,2,1800,4.2,111,21,9,1,4,2018,7.879612825,32560,53.9,4.1,5.28173913,53.9,4.2,19.46846154,53.9,4.1,19.07142857,53.9,431.2,53.9,2018-03-01,1.0,0.0,0.0,No Change,3.0,5.0,166.66666666666669,0.0,0.0,0.0,Equal,Equal,Equal
garden7,garden_tools,2018-05-01,9,477.1,16.46,52.9,57,339,2,1800,4.2,102,23,8,3,5,2018,8.756805808,32560,53.41515152,4.1,10.75303571,53.70952381,4.2,13.51034483,53.05789474,4.1,12.98,53.9,476.09999999999997,53.9,2018-04-01,1.0,-1.0,-1.855287569573284,Decrease,8.0,1.0,12.5,-0.5151515200000034,-0.8095238100000017,-0.15789474000000325,Below,Below,Below
garden7,garden_tools,2018-06-01,5,249.5,23.122,49.9,57,339,2,1800,4.2,58,21,9,0,6,2018,8.771929825,32560,49.9,4.1,19.89083333,49.9,4.2,23.25166667,49.9,4.1,22.87866667,52.9,249.5,52.9,2018-05-01,1.0,-3.0,-5.671077504725898,Decrease,9.0,-4.0,-44.44444444444444,0.0,0.0,0.0,Equal,Equal,Equal
garden7,garden_tools,2018-07-01,6,299.4,20.99,49.9,57,339,2,1800,4.2,54,22,9,1,7,2018,8.711433757,32560,49.91,4.1,28.37333333,49.9,4.2,33.28142857,49.9,4.1,20.99,49.9,299.4,49.9,2018-06-01,1.0,0.0,0.0,No Change,5.0,1.0,20.0,-0.00999999999999801,0.0,0.0,Below,Equal,Equal
garden7,garden_tools,2018-08-01,7,349.3,24.48142857,49.9,57,339,2,1800,4.2,46,23,8,1,8,2018,11.31276467,32560,49.91,4.1,20.32833333,49.9,4.2,36.442,49.9,4.1,32.32,49.9,349.3,49.9,2018-07-01,1.0,0.0,0.0,No Change,6.0,1.0,16.666666666666664,-0.00999999999999801,0.0,0.0,Below,Equal,Equal
garden8,garden_tools,2017-02-01,1,179.99,33.54,179.99,33,2188,2,7650,4.2,3,20,8,2,2,2017,8.942307692,8000,179.99,4.2,33.54,179.99,4.2,33.54,179.99,4.2,33.54,179.94,179.99,,,,,,First Observation,,,,0.0,0.0,0.0,Equal,Equal,Equal
garden8,garden_tools,2017-04-01,3,539.97,36.64333333,179.99,33,2188,2,7650,4.2,17,20,10,2,4,2017,10.80128205,8000,179.99,4.2,36.64333333,179.99,4.2,36.64333333,179.99,4.2,36.64333333,179.94,539.97,179.99,2017-02-01,2.0,0.0,0.0,No Change,1.0,2.0,200.0,0.0,0.0,0.0,Equal,Equal,Equal
garden8,garden_tools,2017-09-01,2,359.98,26.88,179.99,33,2188,2,7650,4.2,115,21,9,1,9,2017,5.0,8000,59.9,4.1,17.18702703,59.9,4.2,16.81176471,59.9,4.1,16.29461538,179.94,359.98,179.99,2017-04-01,5.0,0.0,0.0,No Change,3.0,-1.0,-33.33333333333333,120.09,120.09,120.09,Above,Above,Above
garden8,garden_tools,2017-10-01,6,1079.94,36.75666667,179.99,33,2188,2,7650,4.2,146,22,9,2,10,2017,15.0,8000,59.9,4.1,18.06589744,59.9,4.2,17.59548387,59.9,4.1,16.81416667,179.99,1079.94,179.99,2017-09-01,1.0,0.0,0.0,No Change,2.0,4.0,200.0,120.09,120.09,120.09,Above,Above,Above
garden8,garden_tools,2017-11-01,13,2339.87,43.14153846,179.99,33,2188,2,7650,4.2,339,22,8,4,11,2017,32.5,8000,52.40694444,4.1,17.06747253,53.64828125,4.2,16.07586207,53.78571429,4.1,18.27550725,179.99,2339.87,179.99,2017-10-01,1.0,0.0,0.0,No Change,6.0,7.0,116.66666666666667,127.58305556000002,126.34171875000001,126.20428571000001,Above,Above,Above
garden8,garden_tools,2017-12-01,15,2759.85,47.594,183.99,33,2188,2,7650,4.2,184,21,10,1,12,2017,37.5,8000,55.1,4.1,15.75960784,55.425,4.2,19.184375,55.75,4.1,17.26727273,179.99,2759.8500000000004,179.99,2017-11-01,1.0,4.0,2.222345685871437,Increase,13.0,2.0,15.384615384615385,128.89000000000001,128.565,128.24,Above,Above,Above
garden8,garden_tools,2018-01-01,14,2629.96,38.53785714,187.8542857,33,2188,2,7650,4.2,137,23,8,2,1,2018,17.94871795,8000,49.9,4.1,19.495,49.9,4.2,15.84103448,49.9,4.1,16.50512821,183.99,2629.9599998,183.99,2017-12-01,1.0,3.864285699999982,2.1002694168161216,Increase,15.0,-1.0,-6.666666666666667,137.95428569999999,137.95428569999999,137.95428569999999,Above,Above,Above
garden8,garden_tools,2018-02-01,12,2148.0,47.82583333,179.0,33,2188,2,7650,4.2,160,20,8,2,2,2018,8.942307692,8000,50.54516129,4.1,16.61153846,50.9,4.2,17.51944444,50.35714286,4.1,18.281875,187.8542857,2148.0,187.8542857,2018-01-01,1.0,-8.854285699999991,-4.71337966392746,Decrease,14.0,-2.0,-14.285714285714285,128.45483871,128.1,128.64285714,Above,Above,Above
garden8,garden_tools,2018-03-01,13,2277.0,57.29846154,175.1538462,33,2188,2,7650,4.2,116,22,9,1,3,2018,16.66666667,8000,53.9,4.1,20.35967742,53.9,4.2,21.85285714,53.9,4.1,19.02423077,179.0,2277.0000006,179.0,2018-02-01,1.0,-3.846153799999996,-2.1486892737430145,Decrease,12.0,1.0,8.333333333333332,121.2538462,121.2538462,121.2538462,Above,Above,Above
garden8,garden_tools,2018-04-01,11,1969.0,28.63272727,179.0,33,2188,2,7650,4.2,111,21,9,1,4,2018,10.80128205,8000,53.9,4.1,5.28173913,53.9,4.2,19.46846154,53.9,4.1,19.07142857,175.1538462,1969.0,175.1538462,2018-03-01,1.0,3.846153799999996,2.195871734160067,Increase,13.0,-2.0,-15.384615384615385,125.1,125.1,125.1,Above,Above,Above
garden8,garden_tools,2018-05-01,3,537.0,24.37,179.0,33,2188,2,7650,4.2,102,23,8,3,5,2018,3.846153846,8000,53.41515152,4.1,10.75303571,53.70952381,4.2,13.51034483,53.05789474,4.1,12.98,179.0,537.0,179.0,2018-04-01,1.0,0.0,0.0,No Change,11.0,-8.0,-72.72727272727273,125.58484848,125.29047618999999,125.94210526,Above,Above,Above
garden8,garden_tools,2018-06-01,10,1590.0,54.763,159.0,33,2188,2,7650,4.2,58,21,9,0,6,2018,12.82051282,8000,49.9,4.1,19.89083333,49.9,4.2,23.25166667,49.9,4.1,22.87866667,179.0,1590.0,179.0,2018-05-01,1.0,-20.0,-11.1731843575419,Decrease,3.0,7.0,233.33333333333334,109.1,109.1,109.1,Above,Above,Above
garden8,garden_tools,2018-07-01,8,1112.0,48.62875,139.0,33,2188,2,7650,4.2,54,22,9,1,7,2018,10.25641026,8000,49.91,4.1,28.37333333,49.9,4.2,33.28142857,49.9,4.1,20.99,159.0,1112.0,159.0,2018-06-01,1.0,-20.0,-12.578616352201259,Decrease,10.0,-2.0,-20.0,89.09,89.1,89.1,Above,Above,Above
garden8,garden_tools,2018-08-01,7,973.0,73.59,139.0,33,2188,2,7650,4.2,46,23,8,1,8,2018,8.974358974,8000,49.91,4.1,20.32833333,49.9,4.2,36.442,49.9,4.1,32.32,139.0,973.0,139.0,2018-07-01,1.0,0.0,0.0,No Change,8.0,-1.0,-12.5,89.09,89.1,89.1,Above,Above,Above
garden9,garden_tools,2017-04-01,3,179.7,18.39333333,59.9,58,340,2,1500,4.0,17,20,10,2,4,2017,7.139686298,19800,59.9,4.0,18.39333333,59.9,4.0,18.39333333,59.9,4.0,18.39333333,59.85,179.7,,,,,,First Observation,,,,0.0,0.0,0.0,Equal,Equal,Equal
garden9,garden_tools,2017-05-01,7,419.3,15.79428571,59.9,58,340,2,1500,4.0,34,23,8,1,5,2017,7.089375555,19800,59.9,4.1,19.7325,59.9,4.2,26.24666667,59.9,4.0,15.79428571,59.9,419.3,59.9,2017-04-01,1.0,0.0,0.0,No Change,3.0,4.0,133.33333333333331,0.0,0.0,0.0,Equal,Equal,Equal
garden9,garden_tools,2017-06-01,4,239.6,16.6125,59.9,58,340,2,1500,4.0,26,22,8,1,6,2017,3.498076354,19800,59.9,4.1,17.67,59.9,4.2,16.26,59.9,4.0,16.6125,59.9,239.6,59.9,2017-05-01,1.0,0.0,0.0,No Change,7.0,-3.0,-42.857142857142854,0.0,0.0,0.0,Equal,Equal,Equal
garden9,garden_tools,2017-07-01,19,1138.1,16.03052632,59.9,58,340,2,1500,4.0,74,21,10,1,7,2017,7.261023972,19800,59.9,4.1,16.62642857,59.9,4.2,16.11157895,59.9,4.1,15.39230769,59.9,1138.1,59.9,2017-06-01,1.0,0.0,0.0,No Change,4.0,15.0,375.0,0.0,0.0,0.0,Equal,Equal,Equal
garden9,garden_tools,2017-08-01,21,1257.9,18.83142857,59.9,58,340,2,1500,4.0,113,23,8,1,8,2017,7.074578278,19800,59.9,4.1,18.16230769,59.9,4.2,17.68111111,59.9,4.1,18.05043478,59.9,1257.8999999999999,59.9,2017-07-01,1.0,0.0,0.0,No Change,19.0,2.0,10.526315789473683,0.0,0.0,0.0,Equal,Equal,Equal
garden9,garden_tools,2017-09-01,23,1377.7,18.64347826,59.9,58,340,2,1500,4.0,115,21,9,1,9,2017,10.55045872,19800,59.9,4.1,17.18702703,59.9,4.2,16.81176471,59.9,4.1,16.29461538,59.9,1377.7,59.9,2017-08-01,1.0,0.0,0.0,No Change,21.0,2.0,9.523809523809524,0.0,0.0,0.0,Equal,Equal,Equal
garden9,garden_tools,2017-10-01,19,1138.1,17.73052632,59.9,58,340,2,1500,4.0,146,22,9,2,10,2017,8.71559633,19800,59.9,4.1,18.06589744,59.9,4.2,17.59548387,59.9,4.1,16.81416667,59.9,1138.1,59.9,2017-09-01,1.0,0.0,0.0,No Change,23.0,-4.0,-17.391304347826086,0.0,0.0,0.0,Equal,Equal,Equal
garden9,garden_tools,2017-11-01,82,4397.7,17.80780488,53.37910448,58,340,2,1500,4.0,339,22,8,4,11,2017,37.6146789,19800,52.40694444,4.1,17.06747253,53.64828125,4.2,16.07586207,53.78571429,4.1,18.27550725,59.9,4377.08656736,59.9,2017-10-01,1.0,-6.520895519999996,-10.886303038397322,Decrease,19.0,63.0,331.57894736842104,0.9721600400000057,-0.2691767699999943,-0.4066098099999991,Above,Below,Below
garden9,garden_tools,2017-12-01,40,2232.6,17.5175,55.77096774,58,340,2,1500,4.0,184,21,10,1,12,2017,18.34862385,19800,55.1,4.1,15.75960784,55.425,4.2,19.184375,55.75,4.1,17.26727273,53.37910448,2230.8387096,53.37910448,2017-11-01,1.0,2.391863260000001,4.4808980654521475,Increase,82.0,-42.0,-51.21951219512195,0.6709677400000018,0.3459677400000061,0.020967740000003232,Above,Above,Above
garden9,garden_tools,2018-01-01,25,1247.5,17.7532,49.9,58,340,2,1500,4.0,137,23,8,2,1,2018,16.12903226,19800,49.9,4.1,19.495,49.9,4.2,15.84103448,49.9,4.1,16.50512821,55.77096774,1247.5,55.77096774,2017-12-01,1.0,-5.870967740000005,-10.52692463105537,Decrease,40.0,-15.0,-37.5,0.0,0.0,0.0,Equal,Equal,Equal
garden9,garden_tools,2018-02-01,44,2247.6,16.28340909,51.025,58,340,2,1500,4.0,160,20,8,2,2,2018,28.38709677,19800,50.54516129,4.1,16.61153846,50.9,4.2,17.51944444,50.35714286,4.1,18.281875,49.9,2245.1,49.9,2018-01-01,1.0,1.125,2.2545090180360723,Increase,25.0,19.0,76.0,0.47983870999999567,0.125,0.6678571399999953,Above,Above,Above
garden9,garden_tools,2018-03-01,25,1347.5,19.2648,53.9,58,340,2,1500,4.0,116,22,9,1,3,2018,16.12903226,19800,53.9,4.1,20.35967742,53.9,4.2,21.85285714,53.9,4.1,19.02423077,51.025,1347.5,51.025,2018-02-01,1.0,2.875,5.634492895639393,Increase,44.0,-19.0,-43.18181818181818,0.0,0.0,0.0,Equal,Equal,Equal
garden9,garden_tools,2018-04-01,20,1078.0,20.563,53.9,58,340,2,1500,4.0,111,21,9,1,4,2018,7.139686298,19800,53.9,4.1,5.28173913,53.9,4.2,19.46846154,53.9,4.1,19.07142857,53.9,1078.0,53.9,2018-03-01,1.0,0.0,0.0,No Change,25.0,-5.0,-20.0,0.0,0.0,0.0,Equal,Equal,Equal
garden9,garden_tools,2018-05-01,17,888.3,14.38823529,52.56666667,58,340,2,1500,4.0,102,23,8,3,5,2018,7.089375555,19800,53.41515152,4.1,10.75303571,53.70952381,4.2,13.51034483,53.05789474,4.1,12.98,53.9,893.63333339,53.9,2018-04-01,1.0,-1.333333330000002,-2.473716753246757,Decrease,20.0,-3.0,-15.0,-0.8484848500000055,-1.1428571400000038,-0.49122807000000535,Below,Below,Below
garden9,garden_tools,2018-06-01,8,399.2,29.78625,49.9,58,340,2,1500,4.0,58,21,9,0,6,2018,3.498076354,19800,49.9,4.1,19.89083333,49.9,4.2,23.25166667,49.9,4.1,22.87866667,52.56666667,399.2,52.56666667,2018-05-01,1.0,-2.666666669999998,-5.072923278054979,Decrease,17.0,-9.0,-52.94117647058824,0.0,0.0,0.0,Equal,Equal,Equal
garden9,garden_tools,2018-07-01,9,449.1,27.77,49.9,58,340,2,1500,4.0,54,22,9,1,7,2018,7.261023972,19800,49.91,4.1,28.37333333,49.9,4.2,33.28142857,49.9,4.1,20.99,49.9,449.09999999999997,49.9,2018-06-01,1.0,0.0,0.0,No Change,8.0,1.0,12.5,-0.00999999999999801,0.0,0.0,Below,Equal,Equal
garden9,garden_tools,2018-08-01,7,349.3,33.74,49.9,58,340,2,1500,4.0,46,23,8,1,8,2018,7.074578278,19800,49.91,4.1,20.32833333,49.9,4.2,36.442,49.9,4.1,32.32,49.9,349.3,49.9,2018-07-01,1.0,0.0,0.0,No Change,9.0,-2.0,-22.22222222222222,-0.00999999999999801,0.0,0.0,Below,Equal,Equal
health1,health_beauty,2017-08-01,3,254.97,15.57,84.99,49,1495,3,600,3.8,82,23,8,1,8,2017,3.125,8151,23.39740741,4.3,14.27678571,89.99,4.1,13.41055556,58.99,3.9,16.24090909,84.94,254.96999999999997,,,,,,First Observation,,,,61.592592589999995,-5.0,25.999999999999993,Above,Below,Above
health1,health_beauty,2017-09-01,4,339.96,15.6,84.99,49,1495,3,600,3.8,89,21,9,1,9,2017,4.166666667,8151,23.99,4.3,16.12,89.99,4.1,13.96428571,58.99,3.9,15.6392,84.99,339.96,84.99,2017-08-01,1.0,0.0,0.0,No Change,3.0,1.0,33.33333333333333,61.0,-5.0,25.999999999999993,Above,Below,Above
health1,health_beauty,2017-10-01,3,254.97,19.61,84.99,49,1495,3,600,3.8,81,22,9,2,10,2017,3.125,8151,23.99,4.3,13.13666667,89.99,4.1,16.56291667,58.99,3.9,19.06526316,84.99,254.96999999999997,84.99,2017-09-01,1.0,0.0,0.0,No Change,4.0,-1.0,-25.0,61.0,-5.0,25.999999999999993,Above,Below,Above
health1,health_beauty,2017-11-01,36,3059.64,17.40833333,84.99,49,1495,3,600,3.8,139,22,8,4,11,2017,37.5,8151,23.99,4.3,12.37535714,89.99,4.1,16.99038462,58.99,3.9,15.71166667,84.99,3059.64,84.99,2017-10-01,1.0,0.0,0.0,No Change,3.0,33.0,1100.0,61.0,-5.0,25.999999999999993,Above,Below,Above
health1,health_beauty,2017-12-01,50,4249.5,16.2446,84.99,49,1495,3,600,3.8,112,21,10,1,12,2017,52.08333333,8151,23.99,4.3,12.45684211,89.99,4.1,15.89473684,58.99,3.9,16.33222222,84.99,4249.5,84.99,2017-11-01,1.0,0.0,0.0,No Change,36.0,14.0,38.88888888888889,61.0,-5.0,25.999999999999993,Above,Below,Above
health1,health_beauty,2018-01-01,13,1104.87,15.99615385,84.99,49,1495,3,600,3.8,98,23,8,2,1,2018,50.0,8151,23.99,4.3,11.28736842,89.99,4.1,14.811,58.99,3.9,22.67833333,84.99,1104.87,84.99,2017-12-01,1.0,0.0,0.0,No Change,50.0,-37.0,-74.0,61.0,-5.0,25.999999999999993,Above,Below,Above
health1,health_beauty,2018-02-01,7,594.93,15.86714286,84.99,49,1495,3,600,3.8,126,20,8,2,2,2018,26.92307692,8151,23.99,4.3,12.55,89.99,4.1,16.30764706,58.99,3.9,19.575,84.99,594.93,84.99,2018-01-01,1.0,0.0,0.0,No Change,13.0,-6.0,-46.15384615384615,61.0,-5.0,25.999999999999993,Above,Below,Above
health1,health_beauty,2018-03-01,4,339.96,16.375,84.99,49,1495,3,600,3.8,169,22,9,1,3,2018,15.38461538,8151,23.99,4.3,14.19875,83.74,4.1,11.876875,58.99,3.9,15.228,84.99,339.96,84.99,2018-02-01,1.0,0.0,0.0,No Change,7.0,-3.0,-42.857142857142854,61.0,1.25,25.999999999999993,Above,Above,Above
health1,health_beauty,2018-06-01,2,169.98,22.08,84.99,49,1495,3,600,3.8,131,21,9,0,6,2018,7.692307692,8151,23.99,4.3,16.27,79.99,4.1,13.36230769,58.99,3.9,16.43,84.94,169.98,84.99,2018-03-01,3.0,0.0,0.0,No Change,4.0,-2.0,-50.0,61.0,5.0,25.999999999999993,Above,Above,Above
health10,health_beauty,2018-02-01,21,994.04,10.20047619,47.35789474,40,409,1,1110,4.2,126,20,8,2,2,2018,13.5483871,3762,23.99,4.3,12.55,89.99,4.1,16.30764706,58.99,3.9,19.575,47.30789474,994.51578954,,,,,,First Observation,,,,23.36789474,-42.632105259999996,-11.632105260000003,Above,Below,Below
health10,health_beauty,2018-03-01,58,2809.65,12.56344828,48.45944444,40,409,1,1110,4.2,169,22,9,1,3,2018,37.41935484,3762,23.99,4.3,14.19875,83.74,4.1,11.876875,58.99,3.9,15.228,47.35789474,2810.64777752,47.35789474,2018-02-01,1.0,1.1015496999999996,2.3260107022232037,Increase,21.0,37.0,176.19047619047618,24.46944444,-35.280555559999996,-10.530555560000003,Above,Below,Below
health10,health_beauty,2018-04-01,18,965.91,13.16055556,53.70176471,40,409,1,1110,4.2,118,21,9,1,4,2018,11.61290323,3762,53.70176471,4.2,13.16055556,79.99,4.1,14.485,58.99,3.9,16.30272727,48.45944444,966.63176478,48.45944444,2018-03-01,1.0,5.2423202700000004,10.817953714865165,Increase,58.0,-40.0,-68.96551724137932,0.0,-26.288235289999996,-5.288235290000003,Equal,Below,Below
health10,health_beauty,2018-05-01,33,1723.08,10.63121212,52.06928571,40,409,1,1110,4.2,159,23,8,3,5,2018,21.29032258,3762,23.99,4.3,7.988571429,79.99,4.1,21.943125,58.99,3.9,9.4225,53.70176471,1718.2864284300001,53.70176471,2018-04-01,1.0,-1.6324789999999965,-3.0398982395005105,Decrease,18.0,15.0,83.33333333333334,28.079285710000004,-27.920714289999992,-6.920714289999999,Above,Below,Below
health10,health_beauty,2018-06-01,9,449.82,12.91,49.98,40,409,1,1110,4.2,131,21,9,0,6,2018,5.806451613,3762,23.99,4.3,16.27,79.99,4.1,13.36230769,58.99,3.9,16.43,52.06928571,449.82,52.06928571,2018-05-01,1.0,-2.0892857100000057,-4.01251079501318,Decrease,33.0,-24.0,-72.72727272727273,25.99,-30.009999999999998,-9.010000000000005,Above,Below,Below
health10,health_beauty,2018-07-01,5,257.56,14.368,51.512,40,409,1,1110,4.2,113,22,9,1,7,2018,3.225806452,3762,23.99,4.3,18.81,79.99,4.1,16.745,58.99,3.9,7.67,49.98,257.56,49.98,2018-06-01,1.0,1.5320000000000036,3.0652260904361817,Increase,9.0,-4.0,-44.44444444444444,27.522000000000002,-28.477999999999994,-7.4780000000000015,Above,Below,Below
health10,health_beauty,2018-08-01,11,557.85,9.312727273,50.71,40,409,1,1110,4.2,127,23,8,1,8,2018,7.096774194,3762,23.99,4.3,16.77,82.82142857,4.1,12.41857143,58.99,3.9,12.08333333,51.512,557.8100000000001,51.512,2018-07-01,1.0,-0.8019999999999996,-1.5569187762074848,Decrease,5.0,6.0,120.0,26.720000000000002,-32.111428569999994,-8.280000000000001,Above,Below,Below
health2,health_beauty,2017-08-01,6,1950.0,21.075,325.0,60,2644,6,400,4.2,82,23,8,1,8,2017,16.9688676,2992,23.39740741,4.3,14.27678571,89.99,4.1,13.41055556,58.99,3.9,16.24090909,324.95,1950.0,,,,,,First Observation,,,,301.60259259,235.01,266.01,Above,Above,Above
health2,health_beauty,2017-09-01,11,3575.0,19.52363636,325.0,60,2644,6,400,4.2,89,21,9,1,9,2017,29.72972973,2992,23.99,4.3,16.12,89.99,4.1,13.96428571,58.99,3.9,15.6392,325.0,3575.0,325.0,2017-08-01,1.0,0.0,0.0,No Change,6.0,5.0,83.33333333333334,301.01,235.01,266.01,Above,Above,Above
health2,health_beauty,2017-10-01,2,650.0,19.545,325.0,60,2644,6,400,4.2,81,22,9,2,10,2017,5.405405405,2992,23.99,4.3,13.13666667,89.99,4.1,16.56291667,58.99,3.9,19.06526316,325.0,650.0,325.0,2017-09-01,1.0,0.0,0.0,No Change,11.0,-9.0,-81.81818181818183,301.01,235.01,266.01,Above,Above,Above
health2,health_beauty,2017-11-01,12,3900.0,16.99416667,325.0,60,2644,6,400,4.2,139,22,8,4,11,2017,32.43243243,2992,23.99,4.3,12.37535714,89.99,4.1,16.99038462,58.99,3.9,15.71166667,325.0,3900.0,325.0,2017-10-01,1.0,0.0,0.0,No Change,2.0,10.0,500.0,301.01,235.01,266.01,Above,Above,Above
health2,health_beauty,2017-12-01,6,1950.0,17.58333333,325.0,60,2644,6,400,4.2,112,21,10,1,12,2017,16.21621622,2992,23.99,4.3,12.45684211,89.99,4.1,15.89473684,58.99,3.9,16.33222222,325.0,1950.0,325.0,2017-11-01,1.0,0.0,0.0,No Change,12.0,-6.0,-50.0,301.01,235.01,266.01,Above,Above,Above
health2,health_beauty,2018-01-01,10,3250.0,19.824,325.0,60,2644,6,400,4.2,98,23,8,2,1,2018,6.329113924,2992,23.99,4.3,11.28736842,89.99,4.1,14.811,58.99,3.9,22.67833333,325.0,3250.0,325.0,2017-12-01,1.0,0.0,0.0,No Change,6.0,4.0,66.66666666666666,301.01,235.01,266.01,Above,Above,Above
health2,health_beauty,2018-02-01,23,7475.0,15.63782609,325.0,60,2644,6,400,4.2,126,20,8,2,2,2018,14.55696203,2992,23.99,4.3,12.55,89.99,4.1,16.30764706,58.99,3.9,19.575,325.0,7475.0,325.0,2018-01-01,1.0,0.0,0.0,No Change,10.0,13.0,130.0,301.01,235.01,266.01,Above,Above,Above
health2,health_beauty,2018-03-01,28,9125.0,19.37035714,325.8928571,60,2644,6,400,4.2,169,22,9,1,3,2018,17.72151899,2992,23.99,4.3,14.19875,83.74,4.1,11.876875,58.99,3.9,15.228,325.0,9124.9999988,325.0,2018-02-01,1.0,0.8928571000000147,0.27472526153846605,Increase,23.0,5.0,21.73913043478261,301.9028571,242.1528571,266.9028571,Above,Above,Above
health2,health_beauty,2018-04-01,21,6930.0,17.30904762,330.0,60,2644,6,400,4.2,118,21,9,1,4,2018,13.29113924,2992,330.0,4.2,17.30904762,79.99,4.1,14.485,58.99,3.9,16.30272727,325.8928571,6930.0,325.8928571,2018-03-01,1.0,4.107142899999985,1.2602739859191547,Increase,28.0,-7.0,-25.0,0.0,250.01,271.01,Equal,Above,Above
health2,health_beauty,2018-05-01,19,6270.0,15.74789474,330.0,60,2644,6,400,4.2,159,23,8,3,5,2018,12.02531646,2992,23.99,4.3,7.988571429,79.99,4.1,21.943125,58.99,3.9,9.4225,330.0,6270.0,330.0,2018-04-01,1.0,0.0,0.0,No Change,21.0,-2.0,-9.523809523809524,306.01,250.01,271.01,Above,Above,Above
health2,health_beauty,2018-06-01,16,5280.0,20.29875,330.0,60,2644,6,400,4.2,131,21,9,0,6,2018,10.12658228,2992,23.99,4.3,16.27,79.99,4.1,13.36230769,58.99,3.9,16.43,330.0,5280.0,330.0,2018-05-01,1.0,0.0,0.0,No Change,19.0,-3.0,-15.789473684210526,306.01,250.01,271.01,Above,Above,Above
health2,health_beauty,2018-07-01,13,4290.0,28.42,330.0,60,2644,6,400,4.2,113,22,9,1,7,2018,8.227848101,2992,23.99,4.3,18.81,79.99,4.1,16.745,58.99,3.9,7.67,330.0,4290.0,330.0,2018-06-01,1.0,0.0,0.0,No Change,16.0,-3.0,-18.75,306.01,250.01,271.01,Above,Above,Above
health2,health_beauty,2018-08-01,28,9240.0,20.50535714,330.0,60,2644,6,400,4.2,127,23,8,1,8,2018,16.9688676,2992,23.99,4.3,16.77,82.82142857,4.1,12.41857143,58.99,3.9,12.08333333,330.0,9240.0,330.0,2018-07-01,1.0,0.0,0.0,No Change,13.0,15.0,115.38461538461537,306.01,247.17857143,271.01,Above,Above,Above
health3,health_beauty,2018-01-01,1,110.99,44.63,110.99,50,1257,1,700,4.1,98,23,8,2,1,2018,0.641025641,5700,23.99,4.3,11.28736842,89.99,4.1,14.811,58.99,3.9,22.67833333,110.94,110.99,,,,,,First Observation,,,,87.0,21.0,51.99999999999999,Above,Above,Above
health3,health_beauty,2018-02-01,2,221.98,20.55,110.99,50,1257,1,700,4.1,126,20,8,2,2,2018,1.282051282,5700,23.99,4.3,12.55,89.99,4.1,16.30764706,58.99,3.9,19.575,110.99,221.98,110.99,2018-01-01,1.0,0.0,0.0,No Change,1.0,1.0,100.0,87.0,21.0,51.99999999999999,Above,Above,Above
health3,health_beauty,2018-03-01,9,998.91,38.19222222,110.99,50,1257,1,700,4.1,169,22,9,1,3,2018,5.769230769,5700,23.99,4.3,14.19875,83.74,4.1,11.876875,58.99,3.9,15.228,110.99,998.91,110.99,2018-02-01,1.0,0.0,0.0,No Change,2.0,7.0,350.0,87.0,27.25,51.99999999999999,Above,Above,Above
health3,health_beauty,2018-04-01,13,1514.87,37.09153846,116.5284615,50,1257,1,700,4.1,118,21,9,1,4,2018,8.333333333,5700,116.5284615,4.1,37.09153846,79.99,4.1,14.485,58.99,3.9,16.30272727,110.99,1514.8699995000002,110.99,2018-03-01,1.0,5.538461500000011,4.990054509415272,Increase,9.0,4.0,44.44444444444444,0.0,36.53846150000001,57.538461500000004,Equal,Above,Above
health3,health_beauty,2018-05-01,23,2759.77,31.5826087,119.99,50,1257,1,700,4.1,159,23,8,3,5,2018,14.74358974,5700,23.99,4.3,7.988571429,79.99,4.1,21.943125,58.99,3.9,9.4225,116.5284615,2759.77,116.5284615,2018-04-01,1.0,3.461538499999989,2.9705519625349117,Increase,13.0,10.0,76.92307692307693,96.0,40.0,60.99999999999999,Above,Above,Above
health3,health_beauty,2018-06-01,43,5288.57,35.51837209,122.99,50,1257,1,700,4.1,131,21,9,0,6,2018,27.56410256,5700,23.99,4.3,16.27,79.99,4.1,13.36230769,58.99,3.9,16.43,119.99,5288.57,119.99,2018-05-01,1.0,3.0,2.500208350695891,Increase,23.0,20.0,86.95652173913044,99.0,43.0,63.99999999999999,Above,Above,Above
health3,health_beauty,2018-07-01,33,4058.67,33.01,122.99,50,1257,1,700,4.1,113,22,9,1,7,2018,21.15384615,5700,23.99,4.3,18.81,79.99,4.1,16.745,58.99,3.9,7.67,122.99,4058.6699999999996,122.99,2018-06-01,1.0,0.0,0.0,No Change,43.0,-10.0,-23.25581395348837,99.0,43.0,63.99999999999999,Above,Above,Above
health3,health_beauty,2018-08-01,32,3935.68,36.941875,122.99,50,1257,1,700,4.1,127,23,8,1,8,2018,20.51282051,5700,23.99,4.3,16.77,82.82142857,4.1,12.41857143,58.99,3.9,12.08333333,122.99,3935.68,122.99,2018-07-01,1.0,0.0,0.0,No Change,33.0,-1.0,-3.0303030303030303,99.0,40.16857143,63.99999999999999,Above,Above,Above
health4,health_beauty,2017-10-01,1,29.9,11.85,29.9,55,388,1,250,4.5,81,22,9,2,10,2017,7.692307692,1200,23.99,4.3,13.13666667,89.99,4.1,16.56291667,58.99,3.9,19.06526316,29.85,29.9,,,,,,First Observation,,,,5.91,-60.089999999999996,-29.090000000000003,Above,Below,Below
health4,health_beauty,2017-11-01,6,179.4,12.51,29.9,55,388,1,250,4.5,139,22,8,4,11,2017,46.15384615,1200,23.99,4.3,12.37535714,89.99,4.1,16.99038462,58.99,3.9,15.71166667,29.9,179.39999999999998,29.9,2017-10-01,1.0,0.0,0.0,No Change,1.0,5.0,500.0,5.91,-60.089999999999996,-29.090000000000003,Above,Below,Below
health4,health_beauty,2017-12-01,6,179.4,10.115,29.9,55,388,1,250,4.5,112,21,10,1,12,2017,46.15384615,1200,23.99,4.3,12.45684211,89.99,4.1,15.89473684,58.99,3.9,16.33222222,29.9,179.39999999999998,29.9,2017-11-01,1.0,0.0,0.0,No Change,6.0,0.0,0.0,5.91,-60.089999999999996,-29.090000000000003,Above,Below,Below
health4,health_beauty,2018-01-01,15,448.5,9.551333333,29.9,55,388,1,250,4.5,98,23,8,2,1,2018,12.09677419,1200,23.99,4.3,11.28736842,89.99,4.1,14.811,58.99,3.9,22.67833333,29.9,448.5,29.9,2017-12-01,1.0,0.0,0.0,No Change,6.0,9.0,150.0,5.91,-60.089999999999996,-29.090000000000003,Above,Below,Below
health4,health_beauty,2018-02-01,16,478.4,10.09125,29.9,55,388,1,250,4.5,126,20,8,2,2,2018,12.90322581,1200,23.99,4.3,12.55,89.99,4.1,16.30764706,58.99,3.9,19.575,29.9,478.4,29.9,2018-01-01,1.0,0.0,0.0,No Change,15.0,1.0,6.666666666666667,5.91,-60.089999999999996,-29.090000000000003,Above,Below,Below
health4,health_beauty,2018-03-01,11,328.9,11.43454545,29.9,55,388,1,250,4.5,169,22,9,1,3,2018,8.870967742,1200,23.99,4.3,14.19875,83.74,4.1,11.876875,58.99,3.9,15.228,29.9,328.9,29.9,2018-02-01,1.0,0.0,0.0,No Change,16.0,-5.0,-31.25,5.91,-53.839999999999996,-29.090000000000003,Above,Below,Below
health4,health_beauty,2018-04-01,22,657.8,10.10318182,29.9,55,388,1,250,4.5,118,21,9,1,4,2018,17.74193548,1200,29.9,4.5,10.10318182,79.99,4.1,14.485,58.99,3.9,16.30272727,29.9,657.8,29.9,2018-03-01,1.0,0.0,0.0,No Change,11.0,11.0,100.0,0.0,-50.089999999999996,-29.090000000000003,Equal,Below,Below
health4,health_beauty,2018-05-01,22,657.8,9.772727273,29.9,55,388,1,250,4.5,159,23,8,3,5,2018,17.74193548,1200,23.99,4.3,7.988571429,79.99,4.1,21.943125,58.99,3.9,9.4225,29.9,657.8,29.9,2018-04-01,1.0,0.0,0.0,No Change,22.0,0.0,0.0,5.91,-50.089999999999996,-29.090000000000003,Above,Below,Below
health4,health_beauty,2018-06-01,7,209.3,11.50285714,29.9,55,388,1,250,4.5,131,21,9,0,6,2018,5.64516129,1200,23.99,4.3,16.27,79.99,4.1,13.36230769,58.99,3.9,16.43,29.9,209.29999999999998,29.9,2018-05-01,1.0,0.0,0.0,No Change,22.0,-15.0,-68.18181818181817,5.91,-50.089999999999996,-29.090000000000003,Above,Below,Below
health4,health_beauty,2018-07-01,18,538.2,9.365555556,29.9,55,388,1,250,4.5,113,22,9,1,7,2018,14.51612903,1200,23.99,4.3,18.81,79.99,4.1,16.745,58.99,3.9,7.67,29.9,538.1999999999999,29.9,2018-06-01,1.0,0.0,0.0,No Change,7.0,11.0,157.14285714285714,5.91,-50.089999999999996,-29.090000000000003,Above,Below,Below
health4,health_beauty,2018-08-01,13,388.7,9.553076923,29.9,55,388,1,250,4.5,127,23,8,1,8,2018,10.48387097,1200,23.99,4.3,16.77,82.82142857,4.1,12.41857143,58.99,3.9,12.08333333,29.9,388.7,29.9,2018-07-01,1.0,0.0,0.0,No Change,18.0,-5.0,-27.77777777777778,5.91,-52.921428569999996,-29.090000000000003,Above,Below,Below
health5,health_beauty,2017-01-01,8,2799.2,22.90125,349.9,51,625,1,900,4.3,9,22,9,1,1,2017,12.77173913,11400,349.9,4.3,22.90125,349.9,4.3,22.90125,64.99,3.9,11.06,349.85,2799.2,,,,,,First Observation,,,,0.0,0.0,284.90999999999997,Equal,Equal,Above
health5,health_beauty,2017-02-01,4,1399.6,26.9275,349.9,51,625,1,900,4.3,19,20,8,2,2,2017,11.27717391,11400,19.99,4.3,11.75090909,349.9,4.3,26.9275,64.99,3.9,15.348,349.9,1399.6,349.9,2017-01-01,1.0,0.0,0.0,No Change,8.0,-4.0,-50.0,329.90999999999997,0.0,284.90999999999997,Above,Equal,Above
health5,health_beauty,2017-03-01,2,699.8,21.275,349.9,51,625,1,900,4.3,25,23,8,1,3,2017,10.80163043,11400,19.99,4.3,13.81888889,89.99,4.1,13.02,64.99,3.9,17.26222222,349.9,699.8,349.9,2017-02-01,1.0,0.0,0.0,No Change,4.0,-2.0,-50.0,329.90999999999997,259.90999999999997,284.90999999999997,Above,Above,Above
health5,health_beauty,2017-04-01,1,349.9,19.29,349.9,51,625,1,900,4.3,23,20,10,2,4,2017,4.585597826,11400,19.99,4.3,18.03846154,349.9,4.3,19.29,64.99,3.9,15.16888889,349.9,349.9,349.9,2017-03-01,1.0,0.0,0.0,No Change,2.0,-1.0,-50.0,329.90999999999997,0.0,284.90999999999997,Above,Equal,Above
health5,health_beauty,2017-05-01,4,1399.6,26.73,349.9,51,625,1,900,4.3,41,23,8,1,5,2017,8.559782609,11400,19.99,4.3,14.8475,89.99,4.1,16.09833333,64.99,3.9,14.811875,349.9,1399.6,349.9,2017-04-01,1.0,0.0,0.0,No Change,1.0,3.0,300.0,329.90999999999997,259.90999999999997,284.90999999999997,Above,Above,Above
health5,health_beauty,2017-06-01,2,699.8,24.505,349.9,51,625,1,900,4.3,53,22,8,1,6,2017,7.54076087,11400,19.99,4.3,12.68333333,89.99,4.1,14.16333333,58.79952381,3.9,13.90333333,349.9,699.8,349.9,2017-05-01,1.0,0.0,0.0,No Change,4.0,-2.0,-50.0,329.90999999999997,259.90999999999997,291.10047619,Above,Above,Above
health5,health_beauty,2017-07-01,1,349.9,29.3,349.9,51,625,1,900,4.3,61,21,10,1,7,2017,6.75951087,11400,19.99,4.3,11.13517241,89.99,4.1,12.11882353,59.25666667,3.9,17.998,349.9,349.9,349.9,2017-06-01,1.0,0.0,0.0,No Change,2.0,-1.0,-50.0,329.90999999999997,259.90999999999997,290.64333332999996,Above,Above,Above
health5,health_beauty,2017-08-01,7,2449.3,29.94714286,349.9,51,625,1,900,4.3,82,23,8,1,8,2017,10.36005435,11400,23.39740741,4.3,14.27678571,89.99,4.1,13.41055556,58.99,3.9,16.24090909,349.9,2449.2999999999997,349.9,2017-07-01,1.0,0.0,0.0,No Change,1.0,6.0,600.0,326.50259258999995,259.90999999999997,290.90999999999997,Above,Above,Above
health5,health_beauty,2017-09-01,7,2449.3,26.58285714,349.9,51,625,1,900,4.3,89,21,9,1,9,2017,10.9375,11400,23.99,4.3,16.12,89.99,4.1,13.96428571,58.99,3.9,15.6392,349.9,2449.2999999999997,349.9,2017-08-01,1.0,0.0,0.0,No Change,7.0,0.0,0.0,325.90999999999997,259.90999999999997,290.90999999999997,Above,Above,Above
health5,health_beauty,2017-10-01,10,3499.0,22.84,349.9,51,625,1,900,4.3,81,22,9,2,10,2017,15.625,11400,23.99,4.3,13.13666667,89.99,4.1,16.56291667,58.99,3.9,19.06526316,349.9,3499.0,349.9,2017-09-01,1.0,0.0,0.0,No Change,7.0,3.0,42.857142857142854,325.90999999999997,259.90999999999997,290.90999999999997,Above,Above,Above
health5,health_beauty,2017-11-01,11,3543.5,20.47818182,322.1363636,51,625,1,900,4.3,139,22,8,4,11,2017,17.1875,11400,23.99,4.3,12.37535714,89.99,4.1,16.99038462,58.99,3.9,15.71166667,349.9,3543.4999995999997,349.9,2017-10-01,1.0,-27.763636399999996,-7.9347346098885385,Decrease,10.0,1.0,10.0,298.1463636,232.14636359999997,263.1463636,Above,Above,Above
health5,health_beauty,2017-12-01,7,2449.3,29.09285714,349.9,51,625,1,900,4.3,112,21,10,1,12,2017,10.9375,11400,23.99,4.3,12.45684211,89.99,4.1,15.89473684,58.99,3.9,16.33222222,322.1363636,2449.2999999999997,322.1363636,2017-11-01,1.0,27.763636399999996,8.61859744417876,Increase,11.0,-4.0,-36.36363636363637,325.90999999999997,259.90999999999997,290.90999999999997,Above,Above,Above
health5,health_beauty,2018-01-01,12,4198.8,28.41416667,349.9,51,625,1,900,4.3,98,23,8,2,1,2018,12.77173913,11400,23.99,4.3,11.28736842,89.99,4.1,14.811,58.99,3.9,22.67833333,349.9,4198.799999999999,349.9,2017-12-01,1.0,0.0,0.0,No Change,7.0,5.0,71.42857142857143,325.90999999999997,259.90999999999997,290.90999999999997,Above,Above,Above
health5,health_beauty,2018-02-01,15,5248.5,23.20533333,349.9,51,625,1,900,4.3,126,20,8,2,2,2018,11.27717391,11400,23.99,4.3,12.55,89.99,4.1,16.30764706,58.99,3.9,19.575,349.9,5248.5,349.9,2018-01-01,1.0,0.0,0.0,No Change,12.0,3.0,25.0,325.90999999999997,259.90999999999997,290.90999999999997,Above,Above,Above
health5,health_beauty,2018-03-01,17,5948.3,29.6,349.9,51,625,1,900,4.3,169,22,9,1,3,2018,10.80163043,11400,23.99,4.3,14.19875,83.74,4.1,11.876875,58.99,3.9,15.228,349.9,5948.299999999999,349.9,2018-02-01,1.0,0.0,0.0,No Change,15.0,2.0,13.333333333333334,325.90999999999997,266.15999999999997,290.90999999999997,Above,Above,Above
health5,health_beauty,2018-04-01,7,2449.3,25.64142857,349.9,51,625,1,900,4.3,118,21,9,1,4,2018,4.585597826,11400,349.9,4.3,25.64142857,79.99,4.1,14.485,58.99,3.9,16.30272727,349.9,2449.2999999999997,349.9,2018-03-01,1.0,0.0,0.0,No Change,17.0,-10.0,-58.82352941176471,0.0,269.90999999999997,290.90999999999997,Equal,Above,Above
health5,health_beauty,2018-05-01,10,3513.1,38.57,352.25,51,625,1,900,4.3,159,23,8,3,5,2018,8.559782609,11400,23.99,4.3,7.988571429,79.99,4.1,21.943125,58.99,3.9,9.4225,349.9,3522.5,349.9,2018-04-01,1.0,2.3500000000000227,0.671620462989432,Increase,7.0,3.0,42.857142857142854,328.26,272.26,293.26,Above,Above,Above
health5,health_beauty,2018-06-01,11,4004.0,32.69727273,364.0,51,625,1,900,4.3,131,21,9,0,6,2018,7.54076087,11400,23.99,4.3,16.27,79.99,4.1,13.36230769,58.99,3.9,16.43,352.25,4004.0,352.25,2018-05-01,1.0,11.75,3.33569907735983,Increase,10.0,1.0,10.0,340.01,284.01,305.01,Above,Above,Above
health5,health_beauty,2018-07-01,11,4004.0,36.24636364,364.0,51,625,1,900,4.3,113,22,9,1,7,2018,6.75951087,11400,23.99,4.3,18.81,79.99,4.1,16.745,58.99,3.9,7.67,364.0,4004.0,364.0,2018-06-01,1.0,0.0,0.0,No Change,11.0,0.0,0.0,340.01,284.01,305.01,Above,Above,Above
health5,health_beauty,2018-08-01,9,3276.0,28.55111111,364.0,51,625,1,900,4.3,127,23,8,1,8,2018,10.36005435,11400,23.99,4.3,16.77,82.82142857,4.1,12.41857143,58.99,3.9,12.08333333,364.0,3276.0,364.0,2018-07-01,1.0,0.0,0.0,No Change,11.0,-2.0,-18.181818181818183,340.01,281.17857143000003,305.01,Above,Above,Above
health6,health_beauty,2018-01-01,3,185.97,24.05,61.99,50,1257,1,350,3.9,98,23,8,2,1,2018,2.0,2964,23.99,4.3,11.28736842,89.99,4.1,14.811,58.99,3.9,22.67833333,61.94,185.97,,,,,,First Observation,,,,38.0,-27.999999999999993,3.0,Above,Below,Above
health6,health_beauty,2018-03-01,13,805.87,28.61461538,61.99,50,1257,1,350,3.9,169,22,9,1,3,2018,8.666666667,2964,23.99,4.3,14.19875,83.74,4.1,11.876875,58.99,3.9,15.228,61.94,805.87,61.99,2018-01-01,2.0,0.0,0.0,No Change,3.0,10.0,333.33333333333337,38.0,-21.749999999999993,3.0,Above,Below,Above
health6,health_beauty,2018-04-01,15,974.85,25.346,64.99,50,1257,1,350,3.9,118,21,9,1,4,2018,10.0,2964,64.99,3.9,25.346,79.99,4.1,14.485,58.99,3.9,16.30272727,61.99,974.8499999999999,61.99,2018-03-01,1.0,2.999999999999993,4.839490240361337,Increase,13.0,2.0,15.384615384615385,0.0,-15.0,5.999999999999993,Equal,Below,Above
health6,health_beauty,2018-05-01,38,2469.62,24.77447368,64.99,50,1257,1,350,3.9,159,23,8,3,5,2018,25.33333333,2964,23.99,4.3,7.988571429,79.99,4.1,21.943125,58.99,3.9,9.4225,64.99,2469.62,64.99,2018-04-01,1.0,0.0,0.0,No Change,15.0,23.0,153.33333333333334,41.0,-15.0,5.999999999999993,Above,Below,Above
health6,health_beauty,2018-06-01,26,1741.74,30.24153846,66.99,50,1257,1,350,3.9,131,21,9,0,6,2018,17.33333333,2964,23.99,4.3,16.27,79.99,4.1,13.36230769,58.99,3.9,16.43,64.99,1741.7399999999998,64.99,2018-05-01,1.0,2.0,3.07739652254193,Increase,38.0,-12.0,-31.57894736842105,43.0,-13.0,7.999999999999993,Above,Below,Above
health6,health_beauty,2018-07-01,27,1808.73,25.90074074,66.99,50,1257,1,350,3.9,113,22,9,1,7,2018,18.0,2964,23.99,4.3,18.81,79.99,4.1,16.745,58.99,3.9,7.67,66.99,1808.7299999999998,66.99,2018-06-01,1.0,0.0,0.0,No Change,26.0,1.0,3.8461538461538463,43.0,-13.0,7.999999999999993,Above,Below,Above
health6,health_beauty,2018-08-01,28,1875.72,23.52821429,66.99,50,1257,1,350,3.9,127,23,8,1,8,2018,18.66666667,2964,23.99,4.3,16.77,82.82142857,4.1,12.41857143,58.99,3.9,12.08333333,66.99,1875.7199999999998,66.99,2018-07-01,1.0,0.0,0.0,No Change,27.0,1.0,3.7037037037037033,43.0,-15.83142857,7.999999999999993,Above,Below,Above
health7,health_beauty,2017-01-01,1,64.99,11.06,64.99,59,492,2,200,3.9,9,22,9,1,1,2017,5.642857143,3960,64.99,3.9,11.06,64.99,3.9,11.06,64.99,3.9,11.06,64.94,64.99,,,,,,First Observation,,,,0.0,0.0,0.0,Equal,Equal,Equal
health7,health_beauty,2017-02-01,5,324.95,15.348,64.99,59,492,2,200,3.9,19,20,8,2,2,2017,13.92857143,3960,19.99,4.3,11.75090909,64.99,3.9,15.348,64.99,3.9,15.348,64.99,324.95,64.99,2017-01-01,1.0,0.0,0.0,No Change,1.0,4.0,400.0,45.0,0.0,0.0,Above,Equal,Equal
health7,health_beauty,2017-03-01,9,584.91,17.26222222,64.99,59,492,2,200,3.9,25,23,8,1,3,2017,11.5,3960,19.99,4.3,13.81888889,89.99,4.1,13.02,64.99,3.9,17.26222222,64.99,584.91,64.99,2017-02-01,1.0,0.0,0.0,No Change,5.0,4.0,80.0,45.0,-25.0,0.0,Above,Below,Equal
health7,health_beauty,2017-04-01,9,584.91,15.16888889,64.99,59,492,2,200,3.9,23,20,10,2,4,2017,12.39285714,3960,19.99,4.3,18.03846154,64.99,3.9,15.16888889,64.99,3.9,15.16888889,64.99,584.91,64.99,2017-03-01,1.0,0.0,0.0,No Change,9.0,0.0,0.0,45.0,0.0,0.0,Above,Equal,Equal
health7,health_beauty,2017-05-01,16,1039.84,14.811875,64.99,59,492,2,200,3.9,41,23,8,1,5,2017,8.142857143,3960,19.99,4.3,14.8475,89.99,4.1,16.09833333,64.99,3.9,14.811875,64.99,1039.84,64.99,2017-04-01,1.0,0.0,0.0,No Change,9.0,7.0,77.77777777777779,45.0,-25.0,0.0,Above,Below,Equal
health7,health_beauty,2017-06-01,21,1234.79,13.90333333,58.79952381,59,492,2,200,3.9,53,22,8,1,6,2017,11.35714286,3960,19.99,4.3,12.68333333,89.99,4.1,14.16333333,58.79952381,3.9,13.90333333,64.99,1234.7900000099999,64.99,2017-05-01,1.0,-6.190476189999998,-9.525274949992305,Decrease,16.0,5.0,31.25,38.80952381,-31.19047619,0.0,Above,Below,Equal
health7,health_beauty,2017-07-01,15,888.85,17.998,59.25666667,59,492,2,200,3.9,61,21,10,1,7,2017,6.071428571,3960,19.99,4.3,11.13517241,89.99,4.1,12.11882353,59.25666667,3.9,17.998,58.79952381,888.8500000500001,58.79952381,2017-06-01,1.0,0.4571428600000047,0.7774601397745652,Increase,21.0,-6.0,-28.57142857142857,39.266666670000006,-30.733333329999994,0.0,Above,Below,Equal
health7,health_beauty,2017-08-01,22,1297.78,16.24090909,58.99,59,492,2,200,3.9,82,23,8,1,8,2017,8.964285714,3960,23.39740741,4.3,14.27678571,89.99,4.1,13.41055556,58.99,3.9,16.24090909,59.25666667,1297.78,59.25666667,2017-07-01,1.0,-0.26666666999999933,-0.4500196939612961,Decrease,15.0,7.0,46.666666666666664,35.59259259,-30.999999999999993,0.0,Above,Below,Equal
health7,health_beauty,2017-09-01,25,1474.75,15.6392,58.99,59,492,2,200,3.9,89,21,9,1,9,2017,14.28571429,3960,23.99,4.3,16.12,89.99,4.1,13.96428571,58.99,3.9,15.6392,58.99,1474.75,58.99,2017-08-01,1.0,0.0,0.0,No Change,22.0,3.0,13.636363636363635,35.0,-30.999999999999993,0.0,Above,Below,Equal
health7,health_beauty,2017-10-01,19,1120.81,19.06526316,58.99,59,492,2,200,3.9,81,22,9,2,10,2017,10.85714286,3960,23.99,4.3,13.13666667,89.99,4.1,16.56291667,58.99,3.9,19.06526316,58.99,1120.81,58.99,2017-09-01,1.0,0.0,0.0,No Change,25.0,-6.0,-24.0,35.0,-30.999999999999993,0.0,Above,Below,Equal
health7,health_beauty,2017-11-01,24,1415.76,15.71166667,58.99,59,492,2,200,3.9,139,22,8,4,11,2017,13.71428571,3960,23.99,4.3,12.37535714,89.99,4.1,16.99038462,58.99,3.9,15.71166667,58.99,1415.76,58.99,2017-10-01,1.0,0.0,0.0,No Change,19.0,5.0,26.31578947368421,35.0,-30.999999999999993,0.0,Above,Below,Equal
health7,health_beauty,2017-12-01,9,530.91,16.33222222,58.99,59,492,2,200,3.9,112,21,10,1,12,2017,5.142857143,3960,23.99,4.3,12.45684211,89.99,4.1,15.89473684,58.99,3.9,16.33222222,58.99,530.91,58.99,2017-11-01,1.0,0.0,0.0,No Change,24.0,-15.0,-62.5,35.0,-30.999999999999993,0.0,Above,Below,Equal
health7,health_beauty,2018-01-01,6,353.94,22.67833333,58.99,59,492,2,200,3.9,98,23,8,2,1,2018,5.642857143,3960,23.99,4.3,11.28736842,89.99,4.1,14.811,58.99,3.9,22.67833333,58.99,353.94,58.99,2017-12-01,1.0,0.0,0.0,No Change,9.0,-3.0,-33.33333333333333,35.0,-30.999999999999993,0.0,Above,Below,Equal
health7,health_beauty,2018-02-01,14,825.86,19.575,58.99,59,492,2,200,3.9,126,20,8,2,2,2018,13.92857143,3960,23.99,4.3,12.55,89.99,4.1,16.30764706,58.99,3.9,19.575,58.99,825.86,58.99,2018-01-01,1.0,0.0,0.0,No Change,6.0,8.0,133.33333333333331,35.0,-30.999999999999993,0.0,Above,Below,Equal
health7,health_beauty,2018-03-01,10,589.9,15.228,58.99,59,492,2,200,3.9,169,22,9,1,3,2018,11.5,3960,23.99,4.3,14.19875,83.74,4.1,11.876875,58.99,3.9,15.228,58.99,589.9,58.99,2018-02-01,1.0,0.0,0.0,No Change,14.0,-4.0,-28.57142857142857,35.0,-24.749999999999993,0.0,Above,Below,Equal
health7,health_beauty,2018-04-01,11,648.89,16.30272727,58.99,59,492,2,200,3.9,118,21,9,1,4,2018,12.39285714,3960,58.99,3.9,16.30272727,79.99,4.1,14.485,58.99,3.9,16.30272727,58.99,648.89,58.99,2018-03-01,1.0,0.0,0.0,No Change,10.0,1.0,10.0,0.0,-20.999999999999993,0.0,Equal,Below,Equal
health7,health_beauty,2018-05-01,4,235.96,9.4225,58.99,59,492,2,200,3.9,159,23,8,3,5,2018,8.142857143,3960,23.99,4.3,7.988571429,79.99,4.1,21.943125,58.99,3.9,9.4225,58.99,235.96,58.99,2018-04-01,1.0,0.0,0.0,No Change,11.0,-7.0,-63.63636363636363,35.0,-20.999999999999993,0.0,Above,Below,Equal
health7,health_beauty,2018-06-01,6,353.94,16.43,58.99,59,492,2,200,3.9,131,21,9,0,6,2018,11.35714286,3960,23.99,4.3,16.27,79.99,4.1,13.36230769,58.99,3.9,16.43,58.99,353.94,58.99,2018-05-01,1.0,0.0,0.0,No Change,4.0,2.0,50.0,35.0,-20.999999999999993,0.0,Above,Below,Equal
health7,health_beauty,2018-07-01,2,117.98,7.67,58.99,59,492,2,200,3.9,113,22,9,1,7,2018,6.071428571,3960,23.99,4.3,18.81,79.99,4.1,16.745,58.99,3.9,7.67,58.99,117.98,58.99,2018-06-01,1.0,0.0,0.0,No Change,6.0,-4.0,-66.66666666666666,35.0,-20.999999999999993,0.0,Above,Below,Equal
health7,health_beauty,2018-08-01,3,176.97,12.08333333,58.99,59,492,2,200,3.9,127,23,8,1,8,2018,8.964285714,3960,23.99,4.3,16.77,82.82142857,4.1,12.41857143,58.99,3.9,12.08333333,58.99,176.97,58.99,2018-07-01,1.0,0.0,0.0,No Change,2.0,1.0,50.0,35.0,-23.831428569999993,0.0,Above,Below,Equal
health8,health_beauty,2017-03-01,6,539.94,13.02,89.99,59,492,3,250,4.1,25,23,8,1,3,2017,9.134440538,3960,19.99,4.3,13.81888889,89.99,4.1,13.02,64.99,3.9,17.26222222,89.94,539.9399999999999,,,,,,First Observation,,,,70.0,0.0,25.0,Above,Equal,Above
health8,health_beauty,2017-05-01,6,539.94,16.09833333,89.99,59,492,3,250,4.1,41,23,8,1,5,2017,9.134440538,3960,19.99,4.3,14.8475,89.99,4.1,16.09833333,64.99,3.9,14.811875,89.94,539.9399999999999,89.99,2017-03-01,2.0,0.0,0.0,No Change,6.0,0.0,0.0,70.0,0.0,25.0,Above,Equal,Above
health8,health_beauty,2017-06-01,9,809.91,14.16333333,89.99,59,492,3,250,4.1,53,22,8,1,6,2017,8.83440417,3960,19.99,4.3,12.68333333,89.99,4.1,14.16333333,58.79952381,3.9,13.90333333,89.99,809.91,89.99,2017-05-01,1.0,0.0,0.0,No Change,6.0,3.0,50.0,70.0,0.0,31.19047619,Above,Equal,Above
health8,health_beauty,2017-07-01,17,1529.83,12.11882353,89.99,59,492,3,250,4.1,61,21,10,1,7,2017,10.24669657,3960,19.99,4.3,11.13517241,89.99,4.1,12.11882353,59.25666667,3.9,17.998,89.99,1529.83,89.99,2017-06-01,1.0,0.0,0.0,No Change,9.0,8.0,88.88888888888889,70.0,0.0,30.733333329999994,Above,Equal,Above
health8,health_beauty,2017-08-01,18,1619.82,13.41055556,89.99,59,492,3,250,4.1,82,23,8,1,8,2017,9.261728694,3960,23.39740741,4.3,14.27678571,89.99,4.1,13.41055556,58.99,3.9,16.24090909,89.99,1619.82,89.99,2017-07-01,1.0,0.0,0.0,No Change,17.0,1.0,5.88235294117647,66.59259259,0.0,30.999999999999993,Above,Equal,Above
health8,health_beauty,2017-09-01,21,1889.79,13.96428571,89.99,59,492,3,250,4.1,89,21,9,1,9,2017,14.38356164,3960,23.99,4.3,16.12,89.99,4.1,13.96428571,58.99,3.9,15.6392,89.99,1889.79,89.99,2017-08-01,1.0,0.0,0.0,No Change,18.0,3.0,16.666666666666664,66.0,0.0,30.999999999999993,Above,Equal,Above
health8,health_beauty,2017-10-01,24,2159.76,16.56291667,89.99,59,492,3,250,4.1,81,22,9,2,10,2017,16.43835616,3960,23.99,4.3,13.13666667,89.99,4.1,16.56291667,58.99,3.9,19.06526316,89.99,2159.7599999999998,89.99,2017-09-01,1.0,0.0,0.0,No Change,21.0,3.0,14.285714285714285,66.0,0.0,30.999999999999993,Above,Equal,Above
health8,health_beauty,2017-11-01,26,2339.74,16.99038462,89.99,59,492,3,250,4.1,139,22,8,4,11,2017,17.80821918,3960,23.99,4.3,12.37535714,89.99,4.1,16.99038462,58.99,3.9,15.71166667,89.99,2339.74,89.99,2017-10-01,1.0,0.0,0.0,No Change,24.0,2.0,8.333333333333332,66.0,0.0,30.999999999999993,Above,Equal,Above
health8,health_beauty,2017-12-01,19,1709.81,15.89473684,89.99,59,492,3,250,4.1,112,21,10,1,12,2017,13.01369863,3960,23.99,4.3,12.45684211,89.99,4.1,15.89473684,58.99,3.9,16.33222222,89.99,1709.81,89.99,2017-11-01,1.0,0.0,0.0,No Change,26.0,-7.0,-26.923076923076923,66.0,0.0,30.999999999999993,Above,Equal,Above
health8,health_beauty,2018-01-01,20,1799.8,14.811,89.99,59,492,3,250,4.1,98,23,8,2,1,2018,17.69911504,3960,23.99,4.3,11.28736842,89.99,4.1,14.811,58.99,3.9,22.67833333,89.99,1799.8,89.99,2017-12-01,1.0,0.0,0.0,No Change,19.0,1.0,5.263157894736842,66.0,0.0,30.999999999999993,Above,Equal,Above
health8,health_beauty,2018-02-01,17,1529.83,16.30764706,89.99,59,492,3,250,4.1,126,20,8,2,2,2018,15.04424779,3960,23.99,4.3,12.55,89.99,4.1,16.30764706,58.99,3.9,19.575,89.99,1529.83,89.99,2018-01-01,1.0,0.0,0.0,No Change,20.0,-3.0,-15.0,66.0,0.0,30.999999999999993,Above,Equal,Above
health8,health_beauty,2018-03-01,16,1339.84,11.876875,83.74,59,492,3,250,4.1,169,22,9,1,3,2018,9.134440538,3960,23.99,4.3,14.19875,83.74,4.1,11.876875,58.99,3.9,15.228,89.99,1339.84,89.99,2018-02-01,1.0,-6.25,-6.945216135126126,Decrease,17.0,-1.0,-5.88235294117647,59.75,0.0,24.749999999999993,Above,Equal,Above
health8,health_beauty,2018-04-01,14,1119.86,14.485,79.99,59,492,3,250,4.1,118,21,9,1,4,2018,12.38938053,3960,79.99,4.1,14.485,79.99,4.1,14.485,58.99,3.9,16.30272727,83.74,1119.86,83.74,2018-03-01,1.0,-3.75,-4.478146644375449,Decrease,16.0,-2.0,-12.5,0.0,0.0,20.999999999999993,Equal,Equal,Above
health8,health_beauty,2018-05-01,16,1279.84,21.943125,79.99,59,492,3,250,4.1,159,23,8,3,5,2018,9.134440538,3960,23.99,4.3,7.988571429,79.99,4.1,21.943125,58.99,3.9,9.4225,79.99,1279.84,79.99,2018-04-01,1.0,0.0,0.0,No Change,14.0,2.0,14.285714285714285,56.0,0.0,20.999999999999993,Above,Equal,Above
health8,health_beauty,2018-06-01,13,1039.87,13.36230769,79.99,59,492,3,250,4.1,131,21,9,0,6,2018,8.83440417,3960,23.99,4.3,16.27,79.99,4.1,13.36230769,58.99,3.9,16.43,79.99,1039.87,79.99,2018-05-01,1.0,0.0,0.0,No Change,16.0,-3.0,-18.75,56.0,0.0,20.999999999999993,Above,Equal,Above
health8,health_beauty,2018-07-01,10,799.9,16.745,79.99,59,492,3,250,4.1,113,22,9,1,7,2018,10.24669657,3960,23.99,4.3,18.81,79.99,4.1,16.745,58.99,3.9,7.67,79.99,799.9,79.99,2018-06-01,1.0,0.0,0.0,No Change,13.0,-3.0,-23.076923076923077,56.0,0.0,20.999999999999993,Above,Equal,Above
health8,health_beauty,2018-08-01,7,579.75,12.41857143,82.82142857,59,492,3,250,4.1,127,23,8,1,8,2018,9.261728694,3960,23.99,4.3,16.77,82.82142857,4.1,12.41857143,58.99,3.9,12.08333333,79.99,579.74999999,79.99,2018-07-01,1.0,2.83142857,3.5397281785223154,Increase,10.0,-3.0,-30.0,58.83142857,0.0,23.831428569999993,Above,Equal,Above
health9,health_beauty,2017-02-01,11,219.89,11.75090909,19.99,48,575,1,100,4.3,19,20,8,2,2,2017,14.94444444,4500,19.99,4.3,11.75090909,19.99,4.3,11.75090909,64.99,3.9,15.348,19.94,219.89,,,,,,First Observation,,,,0.0,0.0,-45.0,Equal,Equal,Below
health9,health_beauty,2017-03-01,9,179.91,13.81888889,19.99,48,575,1,100,4.3,25,23,8,1,3,2017,9.142857143,4500,19.99,4.3,13.81888889,89.99,4.1,13.02,64.99,3.9,17.26222222,19.99,179.91,19.99,2017-02-01,1.0,0.0,0.0,No Change,11.0,-2.0,-18.181818181818183,0.0,-70.0,-45.0,Equal,Below,Below
health9,health_beauty,2017-04-01,13,259.87,18.03846154,19.99,48,575,1,100,4.3,23,20,10,2,4,2017,5.777777778,4500,19.99,4.3,18.03846154,19.99,4.3,18.03846154,64.99,3.9,15.16888889,19.99,259.87,19.99,2017-03-01,1.0,0.0,0.0,No Change,9.0,4.0,44.44444444444444,0.0,0.0,-45.0,Equal,Equal,Below
health9,health_beauty,2017-05-01,16,319.84,14.8475,19.99,48,575,1,100,4.3,41,23,8,1,5,2017,9.805555556,4500,19.99,4.3,14.8475,89.99,4.1,16.09833333,64.99,3.9,14.811875,19.99,319.84,19.99,2017-04-01,1.0,0.0,0.0,No Change,13.0,3.0,23.076923076923077,0.0,-70.0,-45.0,Equal,Below,Below
health9,health_beauty,2017-06-01,21,419.79,12.68333333,19.99,48,575,1,100,4.3,53,22,8,1,6,2017,7.345238095,4500,19.99,4.3,12.68333333,89.99,4.1,14.16333333,58.79952381,3.9,13.90333333,19.99,419.78999999999996,19.99,2017-05-01,1.0,0.0,0.0,No Change,16.0,5.0,31.25,0.0,-70.0,-38.80952381,Equal,Below,Below
health9,health_beauty,2017-07-01,29,579.71,11.13517241,19.99,48,575,1,100,4.3,61,21,10,1,7,2017,9.123015873,4500,19.99,4.3,11.13517241,89.99,4.1,12.11882353,59.25666667,3.9,17.998,19.99,579.7099999999999,19.99,2017-06-01,1.0,0.0,0.0,No Change,21.0,8.0,38.095238095238095,0.0,-70.0,-39.266666670000006,Equal,Below,Below
health9,health_beauty,2017-08-01,28,651.72,14.27678571,23.39740741,48,575,1,100,4.3,82,23,8,1,8,2017,8.007936508,4500,23.39740741,4.3,14.27678571,89.99,4.1,13.41055556,58.99,3.9,16.24090909,19.99,655.12740748,19.99,2017-07-01,1.0,3.407407410000001,17.045559829914964,Increase,29.0,-1.0,-3.4482758620689653,0.0,-66.59259259,-35.59259259,Equal,Below,Below
health9,health_beauty,2017-09-01,24,575.76,16.12,23.99,48,575,1,100,4.3,89,21,9,1,9,2017,10.66666667,4500,23.99,4.3,16.12,89.99,4.1,13.96428571,58.99,3.9,15.6392,23.39740741,575.76,23.39740741,2017-08-01,1.0,0.5925925899999989,2.53272757795689,Increase,28.0,-4.0,-14.285714285714285,0.0,-66.0,-35.0,Equal,Below,Below
health9,health_beauty,2017-10-01,27,647.73,13.13666667,23.99,48,575,1,100,4.3,81,22,9,2,10,2017,12.0,4500,23.99,4.3,13.13666667,89.99,4.1,16.56291667,58.99,3.9,19.06526316,23.99,647.7299999999999,23.99,2017-09-01,1.0,0.0,0.0,No Change,24.0,3.0,12.5,0.0,-66.0,-35.0,Equal,Below,Below
health9,health_beauty,2017-11-01,28,671.72,12.37535714,23.99,48,575,1,100,4.3,139,22,8,4,11,2017,12.44444444,4500,23.99,4.3,12.37535714,89.99,4.1,16.99038462,58.99,3.9,15.71166667,23.99,671.7199999999999,23.99,2017-10-01,1.0,0.0,0.0,No Change,27.0,1.0,3.7037037037037033,0.0,-66.0,-35.0,Equal,Below,Below
health9,health_beauty,2017-12-01,19,455.81,12.45684211,23.99,48,575,1,100,4.3,112,21,10,1,12,2017,8.444444444,4500,23.99,4.3,12.45684211,89.99,4.1,15.89473684,58.99,3.9,16.33222222,23.99,455.80999999999995,23.99,2017-11-01,1.0,0.0,0.0,No Change,28.0,-9.0,-32.142857142857146,0.0,-66.0,-35.0,Equal,Below,Below
health9,health_beauty,2018-01-01,19,455.81,11.28736842,23.99,48,575,1,100,4.3,98,23,8,2,1,2018,33.92857143,4500,23.99,4.3,11.28736842,89.99,4.1,14.811,58.99,3.9,22.67833333,23.99,455.80999999999995,23.99,2017-12-01,1.0,0.0,0.0,No Change,19.0,0.0,0.0,0.0,-66.0,-35.0,Equal,Below,Below
health9,health_beauty,2018-02-01,14,335.86,12.55,23.99,48,575,1,100,4.3,126,20,8,2,2,2018,14.94444444,4500,23.99,4.3,12.55,89.99,4.1,16.30764706,58.99,3.9,19.575,23.99,335.85999999999996,23.99,2018-01-01,1.0,0.0,0.0,No Change,19.0,-5.0,-26.31578947368421,0.0,-66.0,-35.0,Equal,Below,Below
health9,health_beauty,2018-03-01,8,191.92,14.19875,23.99,48,575,1,100,4.3,169,22,9,1,3,2018,9.142857143,4500,23.99,4.3,14.19875,83.74,4.1,11.876875,58.99,3.9,15.228,23.99,191.92,23.99,2018-02-01,1.0,0.0,0.0,No Change,14.0,-6.0,-42.857142857142854,0.0,-59.75,-35.0,Equal,Below,Below
health9,health_beauty,2018-05-01,7,167.93,7.988571429,23.99,48,575,1,100,4.3,159,23,8,3,5,2018,9.805555556,4500,23.99,4.3,7.988571429,79.99,4.1,21.943125,58.99,3.9,9.4225,23.94,167.92999999999998,23.99,2018-03-01,2.0,0.0,0.0,No Change,8.0,-1.0,-12.5,0.0,-56.0,-35.0,Equal,Below,Below
health9,health_beauty,2018-06-01,3,71.97,16.27,23.99,48,575,1,100,4.3,131,21,9,0,6,2018,7.345238095,4500,23.99,4.3,16.27,79.99,4.1,13.36230769,58.99,3.9,16.43,23.99,71.97,23.99,2018-05-01,1.0,0.0,0.0,No Change,7.0,-4.0,-57.14285714285714,0.0,-56.0,-35.0,Equal,Below,Below
health9,health_beauty,2018-07-01,3,71.97,18.81,23.99,48,575,1,100,4.3,113,22,9,1,7,2018,9.123015873,4500,23.99,4.3,18.81,79.99,4.1,16.745,58.99,3.9,7.67,23.99,71.97,23.99,2018-06-01,1.0,0.0,0.0,No Change,3.0,0.0,0.0,0.0,-56.0,-35.0,Equal,Below,Below
health9,health_beauty,2018-08-01,2,47.98,16.77,23.99,48,575,1,100,4.3,127,23,8,1,8,2018,8.007936508,4500,23.99,4.3,16.77,82.82142857,4.1,12.41857143,58.99,3.9,12.08333333,23.99,47.98,23.99,2018-07-01,1.0,0.0,0.0,No Change,3.0,-1.0,-33.33333333333333,0.0,-58.83142857,-35.0,Equal,Below,Below
perfumery1,perfumery,2017-06-01,4,227.96,18.4525,56.99,54,1536,2,250,4.3,4,22,8,1,6,2017,4.166666667,3360,56.99,4.3,18.4525,56.99,4.3,18.4525,56.99,4.3,18.4525,56.94,227.96,,,,,,First Observation,,,,0.0,0.0,0.0,Equal,Equal,Equal
perfumery1,perfumery,2017-07-01,7,398.93,11.75,56.99,54,1536,2,250,4.3,7,21,10,1,7,2017,13.16964286,3360,56.99,4.3,11.75,56.99,4.3,11.75,56.99,4.3,11.75,56.99,398.93,56.99,2017-06-01,1.0,0.0,0.0,No Change,4.0,3.0,75.0,0.0,0.0,0.0,Equal,Equal,Equal
perfumery1,perfumery,2017-08-01,7,398.93,13.58857143,56.99,54,1536,2,250,4.3,8,23,8,1,8,2017,8.407738095,3360,56.99,4.3,13.58857143,142.5,4.4,15.75,56.99,4.3,13.58857143,56.99,398.93,56.99,2017-07-01,1.0,0.0,0.0,No Change,7.0,0.0,0.0,0.0,-85.50999999999999,0.0,Equal,Below,Equal
perfumery1,perfumery,2017-09-01,17,968.83,13.74117647,56.99,54,1536,2,250,4.3,18,21,9,1,9,2017,17.70833333,3360,56.99,4.3,13.74117647,142.5,4.4,9.19,56.99,4.3,13.74117647,56.99,968.83,56.99,2017-08-01,1.0,0.0,0.0,No Change,7.0,10.0,142.85714285714286,0.0,-85.50999999999999,0.0,Equal,Below,Equal
perfumery1,perfumery,2017-10-01,17,968.83,12.29294118,56.99,54,1536,2,250,4.3,19,22,9,2,10,2017,17.70833333,3360,56.99,4.3,12.29294118,142.5,4.4,17.15,56.99,4.3,12.29294118,56.99,968.83,56.99,2017-09-01,1.0,0.0,0.0,No Change,17.0,0.0,0.0,0.0,-85.50999999999999,0.0,Equal,Below,Equal
perfumery1,perfumery,2017-11-01,20,1139.8,12.714,56.99,54,1536,2,250,4.3,27,22,8,4,11,2017,20.83333333,3360,56.99,4.3,12.714,118.05,4.4,14.29375,56.99,4.3,12.714,56.99,1139.8,56.99,2017-10-01,1.0,0.0,0.0,No Change,17.0,3.0,17.647058823529413,0.0,-61.059999999999995,0.0,Equal,Below,Equal
perfumery1,perfumery,2017-12-01,24,1367.76,13.82,56.99,54,1536,2,250,4.3,34,21,10,1,12,2017,25.0,3360,56.99,4.3,13.82,118.0,4.4,11.02666667,56.99,4.3,13.82,56.99,1367.76,56.99,2017-11-01,1.0,0.0,0.0,No Change,20.0,4.0,20.0,0.0,-61.01,0.0,Equal,Below,Equal
perfumery1,perfumery,2018-01-01,10,569.9,12.215,56.99,54,1536,2,250,4.3,15,23,8,2,1,2018,23.80952381,3360,56.99,4.3,12.215,117.9,4.4,14.03833333,56.99,4.3,12.215,56.99,569.9,56.99,2017-12-01,1.0,0.0,0.0,No Change,24.0,-14.0,-58.333333333333336,0.0,-60.910000000000004,0.0,Equal,Below,Equal
perfumery1,perfumery,2018-02-01,4,227.96,14.5575,56.99,54,1536,2,250,4.3,12,20,8,2,2,2018,9.523809524,3360,56.99,4.3,14.5575,117.8888889,4.4,13.88090909,56.99,4.3,14.5575,56.99,227.96,56.99,2018-01-01,1.0,0.0,0.0,No Change,10.0,-6.0,-60.0,0.0,-60.898888899999996,0.0,Equal,Below,Equal
perfumery1,perfumery,2018-03-01,14,706.86,15.19642857,50.49,54,1536,2,250,4.3,18,22,9,1,3,2018,33.33333333,3360,50.49,4.3,15.19642857,117.7,4.4,15.175,50.49,4.3,15.19642857,56.99,706.86,56.99,2018-02-01,1.0,-6.5,-11.405509738550622,Decrease,4.0,10.0,250.0,0.0,-67.21000000000001,0.0,Equal,Below,Equal
perfumery1,perfumery,2018-04-01,2,99.98,13.665,49.99,54,1536,2,250,4.3,10,21,9,1,4,2018,4.761904762,3360,49.99,4.3,13.665,117.975,4.4,21.65,49.99,4.3,13.665,50.49,99.98,50.49,2018-03-01,1.0,-0.5,-0.9902951079421667,Decrease,14.0,-12.0,-85.71428571428571,0.0,-67.98499999999999,0.0,Equal,Below,Equal
perfumery1,perfumery,2018-07-01,8,399.92,12.5225,49.99,54,1536,2,250,4.3,13,22,9,1,7,2018,13.16964286,3360,49.99,4.3,12.5225,118.7,4.4,15.978,49.99,4.3,12.5225,49.94,399.92,49.99,2018-04-01,3.0,0.0,0.0,No Change,2.0,6.0,300.0,0.0,-68.71000000000001,0.0,Equal,Below,Equal
perfumery1,perfumery,2018-08-01,4,199.96,12.28,49.99,54,1536,2,250,4.3,19,23,8,1,8,2018,8.407738095,3360,49.99,4.3,12.28,116.9066667,4.4,17.79058824,49.99,4.3,12.28,49.99,199.96,49.99,2018-07-01,1.0,0.0,0.0,No Change,8.0,-4.0,-50.0,0.0,-66.91666670000001,0.0,Equal,Below,Equal
perfumery2,perfumery,2017-08-01,1,142.5,15.75,142.5,29,178,1,400,4.4,8,23,8,1,8,2017,12.44918699,4693,56.99,4.3,13.58857143,142.5,4.4,15.75,142.5,4.4,15.75,142.45,142.5,,,,,,First Observation,,,,85.50999999999999,0.0,0.0,Above,Equal,Equal
perfumery2,perfumery,2017-09-01,1,142.5,9.19,142.5,29,178,1,400,4.4,18,21,9,1,9,2017,4.166666667,4693,56.99,4.3,13.74117647,142.5,4.4,9.19,142.5,4.4,9.19,142.5,142.5,142.5,2017-08-01,1.0,0.0,0.0,No Change,1.0,0.0,0.0,85.50999999999999,0.0,0.0,Above,Equal,Equal
perfumery2,perfumery,2017-10-01,2,285.0,17.15,142.5,29,178,1,400,4.4,19,22,9,2,10,2017,8.333333333,4693,56.99,4.3,12.29294118,142.5,4.4,17.15,142.5,4.4,17.15,142.5,285.0,142.5,2017-09-01,1.0,0.0,0.0,No Change,1.0,1.0,100.0,85.50999999999999,0.0,0.0,Above,Equal,Equal
perfumery2,perfumery,2017-11-01,8,944.4,14.29375,118.05,29,178,1,400,4.4,27,22,8,4,11,2017,33.33333333,4693,56.99,4.3,12.714,118.05,4.4,14.29375,118.05,4.4,14.29375,142.5,944.4,142.5,2017-10-01,1.0,-24.450000000000003,-17.15789473684211,Decrease,2.0,6.0,300.0,61.059999999999995,0.0,0.0,Above,Equal,Equal
perfumery2,perfumery,2017-12-01,12,1416.0,11.02666667,118.0,29,178,1,400,4.4,34,21,10,1,12,2017,50.0,4693,56.99,4.3,13.82,118.0,4.4,11.02666667,118.0,4.4,11.02666667,118.05,1416.0,118.05,2017-11-01,1.0,-0.04999999999999716,-0.04235493434984935,Decrease,8.0,4.0,50.0,61.01,0.0,0.0,Above,Equal,Equal
perfumery2,perfumery,2018-01-01,6,707.4,14.03833333,117.9,29,178,1,400,4.4,15,23,8,2,1,2018,7.317073171,4693,56.99,4.3,12.215,117.9,4.4,14.03833333,117.9,4.4,14.03833333,118.0,707.4000000000001,118.0,2017-12-01,1.0,-0.09999999999999432,-0.08474576271185959,Decrease,12.0,-6.0,-50.0,60.910000000000004,0.0,0.0,Above,Equal,Equal
perfumery2,perfumery,2018-02-01,11,1296.8,13.88090909,117.8888889,29,178,1,400,4.4,12,20,8,2,2,2018,13.41463415,4693,56.99,4.3,14.5575,117.8888889,4.4,13.88090909,117.8888889,4.4,13.88090909,117.9,1296.7777779,117.9,2018-01-01,1.0,-0.011111100000007923,-0.009424173027996542,Decrease,6.0,5.0,83.33333333333334,60.898888899999996,0.0,0.0,Above,Equal,Equal
perfumery2,perfumery,2018-03-01,4,470.8,15.175,117.7,29,178,1,400,4.4,18,22,9,1,3,2018,4.87804878,4693,50.49,4.3,15.19642857,117.7,4.4,15.175,117.7,4.4,15.175,117.8888889,470.8,117.8888889,2018-02-01,1.0,-0.18888889999999492,-0.16022621110647767,Decrease,11.0,-7.0,-63.63636363636363,67.21000000000001,0.0,0.0,Above,Equal,Equal
perfumery2,perfumery,2018-04-01,8,943.8,21.65,117.975,29,178,1,400,4.4,10,21,9,1,4,2018,9.756097561,4693,49.99,4.3,13.665,117.975,4.4,21.65,117.975,4.4,21.65,117.7,943.8,117.7,2018-03-01,1.0,0.2749999999999915,0.23364485981307687,Increase,4.0,4.0,100.0,67.98499999999999,0.0,0.0,Above,Equal,Equal
perfumery2,perfumery,2018-05-01,17,2038.3,15.85235294,119.9,29,178,1,400,4.4,16,23,8,3,5,2018,20.73170732,4693,119.9,4.4,15.85235294,119.9,4.4,15.85235294,119.9,4.4,15.85235294,117.975,2038.3000000000002,117.975,2018-04-01,1.0,1.9250000000000114,1.6317016317016413,Increase,8.0,9.0,112.5,0.0,0.0,0.0,Equal,Equal,Equal
perfumery2,perfumery,2018-06-01,14,1668.5,14.17285714,119.1785714,29,178,1,400,4.4,14,21,9,0,6,2018,17.07317073,4693,119.1785714,4.4,14.17285714,119.1785714,4.4,14.17285714,119.1785714,4.4,14.17285714,119.9,1668.4999996,119.9,2018-05-01,1.0,-0.7214286000000101,-0.6016919099249458,Decrease,17.0,-3.0,-17.647058823529413,0.0,0.0,0.0,Equal,Equal,Equal
perfumery2,perfumery,2018-07-01,5,593.5,15.978,118.7,29,178,1,400,4.4,13,22,9,1,7,2018,6.097560976,4693,49.99,4.3,12.5225,118.7,4.4,15.978,118.7,4.4,15.978,119.1785714,593.5,119.1785714,2018-06-01,1.0,-0.47857139999999276,-0.401558262008159,Decrease,14.0,-9.0,-64.28571428571429,68.71000000000001,0.0,0.0,Above,Equal,Equal
perfumery2,perfumery,2018-08-01,17,1987.4,17.79058824,116.9066667,29,178,1,400,4.4,19,23,8,1,8,2018,12.44918699,4693,49.99,4.3,12.28,116.9066667,4.4,17.79058824,116.9066667,4.4,17.79058824,118.7,1987.4133339,118.7,2018-07-01,1.0,-1.7933333000000005,-1.5108115417017696,Decrease,5.0,12.0,240.0,66.91666670000001,0.0,0.0,Above,Equal,Equal
watches1,watches_gifts,2017-03-01,5,1205.03,21.318,241.006,35,514,2,4338,3.8,6,23,8,1,3,2017,17.62007555,2856,241.006,3.8,21.318,241.006,3.8,21.318,241.006,3.8,21.318,240.956,1205.03,,,,,,First Observation,,,,0.0,0.0,0.0,Equal,Equal,Equal
watches1,watches_gifts,2017-04-01,3,766.83,21.22666667,255.61,35,514,2,4338,3.8,3,20,10,2,4,2017,5.893146249,2856,255.61,3.8,21.22666667,255.61,3.8,21.22666667,255.61,3.8,21.22666667,241.006,766.83,241.006,2017-03-01,1.0,14.604000000000013,6.059600175929235,Increase,5.0,-2.0,-40.0,0.0,0.0,0.0,Equal,Equal,Equal
watches1,watches_gifts,2017-06-01,5,925.0,14.74,185.0,35,514,2,4338,3.8,17,22,8,1,6,2017,9.821910416,2856,163.0,4.2,14.265,185.0,3.8,14.74,185.0,3.8,14.74,184.95,925.0,255.61,2017-04-01,2.0,-70.61000000000001,-27.624114862485822,Decrease,3.0,2.0,66.66666666666666,22.0,0.0,0.0,Above,Equal,Equal
watches1,watches_gifts,2017-07-01,10,1973.83,16.606,197.383,35,514,2,4338,3.8,29,21,10,1,7,2017,6.799784134,2856,161.5909091,4.2,15.52545455,197.383,3.8,16.606,197.383,3.8,16.606,185.0,1973.8300000000002,185.0,2017-06-01,1.0,12.38300000000001,6.693513513513519,Increase,5.0,5.0,100.0,35.792090900000005,0.0,0.0,Above,Equal,Equal
watches1,watches_gifts,2017-08-01,15,2698.5,14.92666667,179.9,35,514,2,4338,3.8,48,23,8,1,8,2017,13.86940097,2856,160.6692308,4.2,15.18538462,179.9,3.8,14.92666667,179.9,3.8,14.92666667,197.383,2698.5,197.383,2017-07-01,1.0,-17.483000000000004,-8.857399066788934,Decrease,10.0,5.0,50.0,19.230769199999997,0.0,0.0,Above,Equal,Equal
watches1,watches_gifts,2017-09-01,20,3291.4,19.528,164.57,35,514,2,4338,3.8,54,21,9,1,9,2017,23.52941176,2856,148.7785714,4.2,14.04111111,164.57,3.8,19.528,164.57,3.8,19.528,179.9,3291.3999999999996,179.9,2017-08-01,1.0,-15.330000000000013,-8.521400778210124,Decrease,15.0,5.0,33.33333333333333,15.791428599999989,0.0,0.0,Above,Equal,Equal
watches1,watches_gifts,2017-10-01,4,929.96,14.2125,232.49,35,514,2,4338,3.8,43,22,9,2,10,2017,4.705882353,2856,134.9,4.2,6.81,232.49,3.8,14.2125,232.49,3.8,14.2125,164.57,929.96,164.57,2017-09-01,1.0,67.92000000000002,41.271191590204786,Increase,20.0,-16.0,-80.0,97.59,0.0,0.0,Above,Equal,Equal
watches1,watches_gifts,2017-11-01,18,3139.8,20.99277778,174.4333333,35,514,2,4338,3.8,91,22,8,4,11,2017,21.17647059,2856,133.0,4.2,19.91666667,108.0,4.2,15.90846154,174.4333333,3.8,20.99277778,232.49,3139.7999993999997,232.49,2017-10-01,1.0,-58.05666670000002,-24.97168338423159,Decrease,4.0,14.0,350.0,41.43333329999999,66.43333329999999,0.0,Above,Above,Equal
watches1,watches_gifts,2017-12-01,5,929.8,18.686,185.96,35,514,2,4338,3.8,73,21,10,1,12,2017,5.882352941,2856,149.0,4.2,19.1,108.0,4.2,16.65384615,185.96,3.8,18.686,174.4333333,929.8000000000001,174.4333333,2017-11-01,1.0,11.526666700000021,6.6080642282836095,Increase,18.0,-13.0,-72.22222222222221,36.96000000000001,77.96000000000001,0.0,Above,Above,Equal
watches1,watches_gifts,2018-01-01,2,398.0,21.88,199.0,35,514,2,4338,3.8,59,23,8,2,1,2018,1.834862385,2856,199.0,3.8,21.88,108.0,4.2,16.19636364,199.0,3.8,21.88,185.96,398.0,185.96,2017-12-01,1.0,13.039999999999992,7.012260701226065,Increase,5.0,-3.0,-60.0,0.0,91.0,0.0,Equal,Above,Equal
watches1,watches_gifts,2018-02-01,6,1092.0,19.33,182.0,35,514,2,4338,3.8,90,20,8,2,2,2018,5.504587156,2856,128.2416667,4.2,15.92666667,108.0,4.2,18.25363636,182.0,3.8,19.33,199.0,1092.0,199.0,2018-01-01,1.0,-17.0,-8.542713567839195,Decrease,2.0,4.0,200.0,53.758333300000004,74.0,0.0,Above,Above,Equal
watches1,watches_gifts,2018-03-01,32,4860.11,20.31375,151.8784375,35,514,2,4338,3.8,125,22,9,1,3,2018,17.62007555,2856,117.4412903,4.2,18.26129032,105.6428571,4.2,21.6652381,151.8784375,3.8,20.31375,182.0,4860.11,182.0,2018-02-01,1.0,-30.12156250000001,-16.550309065934073,Decrease,6.0,26.0,433.3333333333333,34.437147199999984,46.23558039999999,0.0,Above,Above,Equal
watches1,watches_gifts,2018-04-01,9,1351.2,19.44777778,150.1333333,35,514,2,4338,3.8,178,21,9,1,4,2018,5.893146249,2856,105.648625,4.2,2.181647059,105.0,4.2,13.63142857,150.1333333,3.8,19.44777778,151.8784375,1351.1999997,151.8784375,2018-03-01,1.0,-1.745104199999986,-1.1490137959840323,Decrease,32.0,-23.0,-71.875,44.48470830000001,45.133333300000004,0.0,Above,Above,Equal
watches1,watches_gifts,2018-05-01,32,4241.0,15.7621875,132.53125,35,514,2,4338,3.8,260,23,8,3,5,2018,29.35779817,2856,103.7925234,4.2,0.095438596,105.0,4.2,11.3772973,132.53125,3.8,15.7621875,150.1333333,4241.0,150.1333333,2018-04-01,1.0,-17.602083300000004,-11.724300602070228,Decrease,9.0,23.0,255.55555555555554,28.738726600000007,27.53125,0.0,Above,Above,Equal
watches1,watches_gifts,2018-06-01,15,2073.3,16.108,138.22,35,514,2,4338,3.8,93,21,9,0,6,2018,9.821910416,2856,119.0,4.2,19.20666667,105.0,4.2,23.82357143,138.22,3.8,16.108,132.53125,2073.3,132.53125,2018-05-01,1.0,5.688749999999999,4.292383871728365,Increase,32.0,-17.0,-53.125,19.22,33.22,0.0,Above,Above,Equal
watches1,watches_gifts,2018-07-01,2,310.0,16.47,155.0,35,514,2,4338,3.8,122,22,9,1,7,2018,6.799784134,2856,118.3636364,4.2,15.48,105.0,4.2,24.93875,155.0,3.8,16.47,138.22,310.0,138.22,2018-06-01,1.0,16.78,12.140066560555637,Increase,15.0,-13.0,-86.66666666666667,36.636363599999996,50.0,0.0,Above,Above,Equal
watches1,watches_gifts,2018-08-01,11,1601.06,21.89727273,145.5509091,35,514,2,4338,3.8,61,23,8,1,8,2018,13.86940097,2856,112.0,4.2,13.44,105.0,4.2,23.38571429,145.5509091,3.8,21.89727273,155.0,1601.0600001000003,155.0,2018-07-01,1.0,-9.449090899999987,-6.096187677419347,Decrease,2.0,9.0,450.0,33.55090910000001,40.55090910000001,0.0,Above,Above,Equal
watches2,watches_gifts,2017-06-01,5,789.95,13.91,157.99,35,591,3,444,4.0,17,22,8,1,6,2017,4.072822823,4480,163.0,4.2,14.265,157.99,4.0,13.91,185.0,3.8,14.74,157.94,789.95,,,,,,First Observation,,,,-5.009999999999991,0.0,-27.00999999999999,Below,Equal,Below
watches2,watches_gifts,2017-07-01,6,1016.95,14.95,171.792,35,591,3,444,4.0,29,21,10,1,7,2017,7.526276276,4480,161.5909091,4.2,15.52545455,171.792,4.0,14.95,197.383,3.8,16.606,157.99,1030.752,157.99,2017-06-01,1.0,13.801999999999992,8.735995949110698,Increase,5.0,1.0,20.0,10.201090899999997,0.0,-25.591000000000008,Above,Equal,Below
watches2,watches_gifts,2017-08-01,5,849.5,17.084,169.9,35,591,3,444,4.0,48,23,8,1,8,2017,5.461711712,4480,160.6692308,4.2,15.18538462,169.9,4.0,17.084,179.9,3.8,14.92666667,171.792,849.5,171.792,2017-07-01,1.0,-1.891999999999996,-1.1013318431591668,Decrease,6.0,-1.0,-16.666666666666664,9.230769199999997,0.0,-10.0,Above,Equal,Below
watches2,watches_gifts,2017-09-01,10,1604.0,17.856,160.4,35,591,3,444,4.0,54,21,9,1,9,2017,13.51351351,4480,148.7785714,4.2,14.04111111,160.4,4.0,17.856,164.57,3.8,19.528,169.9,1604.0,169.9,2017-08-01,1.0,-9.5,-5.591524426133019,Decrease,5.0,5.0,100.0,11.621428600000002,0.0,-4.1699999999999875,Above,Equal,Below
watches2,watches_gifts,2017-10-01,16,2391.6,18.505625,149.475,35,591,3,444,4.0,43,22,9,2,10,2017,21.62162162,4480,134.9,4.2,6.81,149.475,4.0,18.505625,232.49,3.8,14.2125,160.4,2391.6,160.4,2017-09-01,1.0,-10.925000000000011,-6.811097256857862,Decrease,10.0,6.0,60.0,14.574999999999989,0.0,-83.01500000000001,Above,Equal,Below
watches2,watches_gifts,2017-11-01,26,3660.0,19.17230769,140.56,35,591,3,444,4.0,91,22,8,4,11,2017,35.13513514,4480,133.0,4.2,19.91666667,108.0,4.2,15.90846154,174.4333333,3.8,20.99277778,149.475,3654.56,149.475,2017-10-01,1.0,-8.914999999999992,-5.9642080615487485,Decrease,16.0,10.0,62.5,7.560000000000002,32.56,-33.873333299999985,Above,Above,Below
watches2,watches_gifts,2017-12-01,6,894.0,17.00333333,149.0,35,591,3,444,4.0,73,21,10,1,12,2017,8.108108108,4480,149.0,4.2,19.1,108.0,4.2,16.65384615,185.96,3.8,18.686,140.56,894.0,140.56,2017-11-01,1.0,8.439999999999998,6.004553215708593,Increase,26.0,-20.0,-76.92307692307693,0.0,41.0,-36.96000000000001,Equal,Above,Below
watches2,watches_gifts,2018-01-01,8,1188.0,14.165,148.5,35,591,3,444,4.0,59,23,8,2,1,2018,11.11111111,4480,148.5,4.0,14.165,108.0,4.2,16.19636364,199.0,3.8,21.88,149.0,1188.0,149.0,2017-12-01,1.0,-0.5,-0.33557046979865773,Decrease,6.0,2.0,33.33333333333333,0.0,40.5,-50.5,Equal,Above,Below
watches2,watches_gifts,2018-02-01,14,2043.92,15.12928571,145.9942857,35,591,3,444,4.0,90,20,8,2,2,2018,19.44444444,4480,128.2416667,4.2,15.92666667,108.0,4.2,18.25363636,182.0,3.8,19.33,148.5,2043.9199998000001,148.5,2018-01-01,1.0,-2.505714299999994,-1.6873496969696928,Decrease,8.0,6.0,75.0,17.75261900000001,37.994285700000006,-36.005714299999994,Above,Above,Below
watches2,watches_gifts,2018-03-01,9,1115.7,26.27222222,123.9666667,35,591,3,444,4.0,125,22,9,1,3,2018,12.5,4480,117.4412903,4.2,18.26129032,105.6428571,4.2,21.6652381,151.8784375,3.8,20.31375,145.9942857,1115.7000003,145.9942857,2018-02-01,1.0,-22.027619,-15.088000803856119,Decrease,14.0,-5.0,-35.714285714285715,6.525376399999999,18.323809600000004,-27.911770799999985,Above,Above,Below
watches2,watches_gifts,2018-04-01,10,1191.9,21.229,119.19,35,591,3,444,4.0,178,21,9,1,4,2018,13.88888889,4480,105.648625,4.2,2.181647059,105.0,4.2,13.63142857,150.1333333,3.8,19.44777778,123.9666667,1191.9,123.9666667,2018-03-01,1.0,-4.776666700000007,-3.8531863662669625,Decrease,9.0,1.0,11.11111111111111,13.541375000000002,14.189999999999998,-30.943333300000006,Above,Above,Below
watches2,watches_gifts,2018-05-01,22,2598.9,14.71227273,118.1318182,35,591,3,444,4.0,260,23,8,3,5,2018,30.55555556,4480,103.7925234,4.2,0.095438596,105.0,4.2,11.3772973,132.53125,3.8,15.7621875,119.19,2598.9000004,119.19,2018-04-01,1.0,-1.0581817999999998,-0.8878108901753501,Decrease,10.0,12.0,120.0,14.339294800000005,13.131818199999998,-14.399431800000002,Above,Above,Below
watches2,watches_gifts,2018-06-01,1,139.9,18.86,139.9,35,591,3,444,4.0,93,21,9,0,6,2018,4.072822823,4480,119.0,4.2,19.20666667,105.0,4.2,23.82357143,138.22,3.8,16.108,118.1318182,139.9,118.1318182,2018-05-01,1.0,21.768181800000008,18.42702680081158,Increase,22.0,-21.0,-95.45454545454545,20.900000000000006,34.900000000000006,1.6800000000000068,Above,Above,Above
watches2,watches_gifts,2018-07-01,5,694.9,23.162,138.98,35,591,3,444,4.0,122,22,9,1,7,2018,7.526276276,4480,118.3636364,4.2,15.48,105.0,4.2,24.93875,155.0,3.8,16.47,139.9,694.9,139.9,2018-06-01,1.0,-0.9200000000000159,-0.6576125804145931,Decrease,1.0,4.0,400.0,20.616363599999985,33.97999999999999,-16.02000000000001,Above,Above,Below
watches2,watches_gifts,2018-08-01,3,414.0,23.52666667,138.0,35,591,3,444,4.0,61,23,8,1,8,2018,5.461711712,4480,112.0,4.2,13.44,105.0,4.2,23.38571429,145.5509091,3.8,21.89727273,138.98,414.0,138.98,2018-07-01,1.0,-0.9799999999999898,-0.7051374298460137,Decrease,5.0,-2.0,-40.0,26.0,33.0,-7.550909100000013,Above,Above,Below
watches3,watches_gifts,2017-03-01,1,78.0,17.98,78.0,59,319,4,250,3.9,6,23,8,1,3,2017,2.740664611,640,78.0,3.9,17.98,78.0,3.9,17.98,241.006,3.8,21.318,77.95,78.0,,,,,,First Observation,,,,0.0,0.0,-163.006,Equal,Equal,Below
watches3,watches_gifts,2017-06-01,3,234.0,10.3,78.0,59,319,4,250,3.9,17,22,8,1,6,2017,21.17163412,640,163.0,4.2,14.265,78.0,3.9,10.3,185.0,3.8,14.74,77.95,234.0,78.0,2017-03-01,3.0,0.0,0.0,No Change,1.0,2.0,200.0,-85.0,0.0,-107.0,Below,Equal,Below
watches3,watches_gifts,2017-07-01,1,78.0,14.3,78.0,59,319,4,250,3.9,29,21,10,1,7,2017,16.76944159,640,161.5909091,4.2,15.52545455,78.0,3.9,14.3,197.383,3.8,16.606,78.0,78.0,78.0,2017-06-01,1.0,0.0,0.0,No Change,3.0,-2.0,-66.66666666666666,-83.5909091,0.0,-119.38300000000001,Below,Equal,Below
watches3,watches_gifts,2017-08-01,5,390.0,18.22,78.0,59,319,4,250,3.9,48,23,8,1,8,2017,21.97670435,640,160.6692308,4.2,15.18538462,78.0,3.9,18.22,179.9,3.8,14.92666667,78.0,390.0,78.0,2017-07-01,1.0,0.0,0.0,No Change,1.0,4.0,400.0,-82.66923080000001,0.0,-101.9,Below,Equal,Below
watches3,watches_gifts,2017-10-01,3,234.0,12.13333333,78.0,59,319,4,250,3.9,43,22,9,2,10,2017,14.28571429,640,134.9,4.2,6.81,78.0,3.9,12.13333333,232.49,3.8,14.2125,77.95,234.0,78.0,2017-08-01,2.0,0.0,0.0,No Change,5.0,-2.0,-40.0,-56.900000000000006,0.0,-154.49,Below,Equal,Below
watches3,watches_gifts,2017-11-01,2,156.0,7.8,78.0,59,319,4,250,3.9,91,22,8,4,11,2017,9.523809524,640,133.0,4.2,19.91666667,108.0,4.2,15.90846154,174.4333333,3.8,20.99277778,78.0,156.0,78.0,2017-10-01,1.0,0.0,0.0,No Change,3.0,-1.0,-33.33333333333333,-55.0,-30.0,-96.43333329999999,Below,Below,Below
watches3,watches_gifts,2017-12-01,6,468.0,19.69166667,78.0,59,319,4,250,3.9,73,21,10,1,12,2017,28.57142857,640,149.0,4.2,19.1,108.0,4.2,16.65384615,185.96,3.8,18.686,78.0,468.0,78.0,2017-11-01,1.0,0.0,0.0,No Change,2.0,4.0,200.0,-71.0,-30.0,-107.96000000000001,Below,Below,Below
watches3,watches_gifts,2018-01-01,9,702.0,14.63333333,78.0,59,319,4,250,3.9,59,23,8,2,1,2018,6.474820144,640,78.0,3.9,14.63333333,108.0,4.2,16.19636364,199.0,3.8,21.88,78.0,702.0,78.0,2017-12-01,1.0,0.0,0.0,No Change,6.0,3.0,50.0,0.0,-30.0,-121.0,Equal,Below,Below
watches3,watches_gifts,2018-02-01,1,78.0,15.3,78.0,59,319,4,250,3.9,90,20,8,2,2,2018,0.71942446,640,128.2416667,4.2,15.92666667,108.0,4.2,18.25363636,182.0,3.8,19.33,78.0,78.0,78.0,2018-01-01,1.0,0.0,0.0,No Change,9.0,-8.0,-88.88888888888889,-50.241666699999996,-30.0,-104.0,Below,Below,Below
watches3,watches_gifts,2018-03-01,1,78.0,19.24,78.0,59,319,4,250,3.9,125,22,9,1,3,2018,2.740664611,640,117.4412903,4.2,18.26129032,105.6428571,4.2,21.6652381,151.8784375,3.8,20.31375,78.0,78.0,78.0,2018-02-01,1.0,0.0,0.0,No Change,1.0,0.0,0.0,-39.441290300000006,-27.6428571,-73.87843749999999,Below,Below,Below
watches3,watches_gifts,2018-04-01,16,1248.0,16.645625,78.0,59,319,4,250,3.9,178,21,9,1,4,2018,11.51079137,640,105.648625,4.2,2.181647059,105.0,4.2,13.63142857,150.1333333,3.8,19.44777778,78.0,1248.0,78.0,2018-03-01,1.0,0.0,0.0,No Change,1.0,15.0,1500.0,-27.648624999999996,-27.0,-72.1333333,Below,Below,Below
watches3,watches_gifts,2018-05-01,5,390.0,10.24,78.0,59,319,4,250,3.9,260,23,8,3,5,2018,3.597122302,640,103.7925234,4.2,0.095438596,105.0,4.2,11.3772973,132.53125,3.8,15.7621875,78.0,390.0,78.0,2018-04-01,1.0,0.0,0.0,No Change,16.0,-11.0,-68.75,-25.792523399999993,-27.0,-54.53125,Below,Below,Below
watches3,watches_gifts,2018-06-01,39,3042.0,15.6825641,78.0,59,319,4,250,3.9,93,21,9,0,6,2018,21.17163412,640,119.0,4.2,19.20666667,105.0,4.2,23.82357143,138.22,3.8,16.108,78.0,3042.0,78.0,2018-05-01,1.0,0.0,0.0,No Change,5.0,34.0,680.0,-41.0,-27.0,-60.22,Below,Below,Below
watches3,watches_gifts,2018-07-01,40,3120.0,17.9795,78.0,59,319,4,250,3.9,122,22,9,1,7,2018,16.76944159,640,118.3636364,4.2,15.48,105.0,4.2,24.93875,155.0,3.8,16.47,78.0,3120.0,78.0,2018-06-01,1.0,0.0,0.0,No Change,39.0,1.0,2.564102564102564,-40.363636400000004,-27.0,-77.0,Below,Below,Below
watches3,watches_gifts,2018-08-01,28,2179.0,13.09035714,77.82142857,59,319,4,250,3.9,61,23,8,1,8,2018,21.97670435,640,112.0,4.2,13.44,105.0,4.2,23.38571429,145.5509091,3.8,21.89727273,78.0,2178.99999996,78.0,2018-07-01,1.0,-0.1785714300000052,-0.22893773076923743,Decrease,40.0,-12.0,-30.0,-34.178571430000005,-27.178571430000005,-67.72948053000002,Below,Below,Below
watches4,watches_gifts,2017-11-01,13,1404.0,15.90846154,108.0,58,3006,2,1000,4.2,91,22,8,4,11,2017,50.0,7632,133.0,4.2,19.91666667,108.0,4.2,15.90846154,174.4333333,3.8,20.99277778,107.95,1404.0,,,,,,First Observation,,,,-25.0,0.0,-66.43333329999999,Below,Equal,Below
watches4,watches_gifts,2017-12-01,13,1404.0,16.65384615,108.0,58,3006,2,1000,4.2,73,21,10,1,12,2017,50.0,7632,149.0,4.2,19.1,108.0,4.2,16.65384615,185.96,3.8,18.686,108.0,1404.0,108.0,2017-11-01,1.0,0.0,0.0,No Change,13.0,0.0,0.0,-41.0,0.0,-77.96000000000001,Below,Equal,Below
watches4,watches_gifts,2018-01-01,44,4752.0,16.19636364,108.0,58,3006,2,1000,4.2,59,23,8,2,1,2018,22.11055276,7632,108.0,4.2,16.19636364,108.0,4.2,16.19636364,199.0,3.8,21.88,108.0,4752.0,108.0,2017-12-01,1.0,0.0,0.0,No Change,13.0,31.0,238.46153846153845,0.0,0.0,-91.0,Equal,Equal,Below
watches4,watches_gifts,2018-02-01,33,3564.0,18.25363636,108.0,58,3006,2,1000,4.2,90,20,8,2,2,2018,16.58291457,7632,128.2416667,4.2,15.92666667,108.0,4.2,18.25363636,182.0,3.8,19.33,108.0,3564.0,108.0,2018-01-01,1.0,0.0,0.0,No Change,44.0,-11.0,-25.0,-20.241666699999996,0.0,-74.0,Below,Equal,Below
watches4,watches_gifts,2018-03-01,21,2214.0,21.6652381,105.6428571,58,3006,2,1000,4.2,125,22,9,1,3,2018,10.55276382,7632,117.4412903,4.2,18.26129032,105.6428571,4.2,21.6652381,151.8784375,3.8,20.31375,108.0,2218.4999991,108.0,2018-02-01,1.0,-2.3571428999999995,-2.182539722222222,Decrease,33.0,-12.0,-36.36363636363637,-11.798433200000005,0.0,-46.23558039999999,Below,Equal,Below
watches4,watches_gifts,2018-04-01,21,2205.0,13.63142857,105.0,58,3006,2,1000,4.2,178,21,9,1,4,2018,10.55276382,7632,105.648625,4.2,2.181647059,105.0,4.2,13.63142857,150.1333333,3.8,19.44777778,105.6428571,2205.0,105.6428571,2018-03-01,1.0,-0.6428571000000005,-0.6085192294557893,Decrease,21.0,0.0,0.0,-0.6486249999999956,0.0,-45.133333300000004,Below,Equal,Below
watches4,watches_gifts,2018-05-01,37,3885.0,11.3772973,105.0,58,3006,2,1000,4.2,260,23,8,3,5,2018,18.59296482,7632,103.7925234,4.2,0.095438596,105.0,4.2,11.3772973,132.53125,3.8,15.7621875,105.0,3885.0,105.0,2018-04-01,1.0,0.0,0.0,No Change,21.0,16.0,76.19047619047619,1.2074766000000068,0.0,-27.53125,Above,Equal,Below
watches4,watches_gifts,2018-06-01,28,2940.0,23.82357143,105.0,58,3006,2,1000,4.2,93,21,9,0,6,2018,14.07035176,7632,119.0,4.2,19.20666667,105.0,4.2,23.82357143,138.22,3.8,16.108,105.0,2940.0,105.0,2018-05-01,1.0,0.0,0.0,No Change,37.0,-9.0,-24.324324324324326,-14.0,0.0,-33.22,Below,Equal,Below
watches4,watches_gifts,2018-07-01,8,840.0,24.93875,105.0,58,3006,2,1000,4.2,122,22,9,1,7,2018,4.020100503,7632,118.3636364,4.2,15.48,105.0,4.2,24.93875,155.0,3.8,16.47,105.0,840.0,105.0,2018-06-01,1.0,0.0,0.0,No Change,28.0,-20.0,-71.42857142857143,-13.363636400000004,0.0,-50.0,Below,Equal,Below
watches4,watches_gifts,2018-08-01,7,735.0,23.38571429,105.0,58,3006,2,1000,4.2,61,23,8,1,8,2018,3.51758794,7632,112.0,4.2,13.44,105.0,4.2,23.38571429,145.5509091,3.8,21.89727273,105.0,735.0,105.0,2018-07-01,1.0,0.0,0.0,No Change,8.0,-1.0,-12.5,-7.0,0.0,-40.55090910000001,Below,Equal,Below
watches5,watches_gifts,2017-08-01,8,1839.2,15.14125,229.9,42,236,1,342,4.1,48,23,8,1,8,2017,12.12121212,3510,160.6692308,4.2,15.18538462,229.9,4.1,15.14125,179.9,3.8,14.92666667,229.85,1839.2,,,,,,First Observation,,,,69.2307692,0.0,50.0,Above,Equal,Above
watches5,watches_gifts,2017-09-01,10,2190.6,15.345,219.06,42,236,1,342,4.1,54,21,9,1,9,2017,15.15151515,3510,148.7785714,4.2,14.04111111,219.06,4.1,15.345,164.57,3.8,19.528,229.9,2190.6,229.9,2017-08-01,1.0,-10.840000000000003,-4.715093518921272,Decrease,8.0,2.0,25.0,70.2814286,0.0,54.49000000000001,Above,Equal,Above
watches5,watches_gifts,2017-10-01,8,1729.2,19.1,216.15,42,236,1,342,4.1,43,22,9,2,10,2017,12.12121212,3510,134.9,4.2,6.81,216.15,4.1,19.1,232.49,3.8,14.2125,219.06,1729.2,219.06,2017-09-01,1.0,-2.9099999999999966,-1.3284031772117213,Decrease,10.0,-2.0,-20.0,81.25,0.0,-16.340000000000003,Above,Equal,Below
watches5,watches_gifts,2017-11-01,12,2395.2,19.795,203.2909091,42,236,1,342,4.1,91,22,8,4,11,2017,18.18181818,3510,133.0,4.2,19.91666667,108.0,4.2,15.90846154,174.4333333,3.8,20.99277778,216.15,2439.4909092,216.15,2017-10-01,1.0,-12.859090900000012,-5.949151468887353,Decrease,8.0,4.0,50.0,70.2909091,95.2909091,28.857575800000006,Above,Above,Above
watches5,watches_gifts,2017-12-01,28,6287.2,17.48678571,224.5428571,42,236,1,342,4.1,73,21,10,1,12,2017,42.42424242,3510,149.0,4.2,19.1,108.0,4.2,16.65384615,185.96,3.8,18.686,203.2909091,6287.1999988,203.2909091,2017-11-01,1.0,21.251948,10.453958858310797,Increase,12.0,16.0,133.33333333333331,75.54285709999999,116.54285709999999,38.582857099999984,Above,Above,Above
watches5,watches_gifts,2018-01-01,10,2207.7,20.496,220.77,42,236,1,342,4.1,59,23,8,2,1,2018,12.98701299,3510,220.77,4.1,20.496,108.0,4.2,16.19636364,199.0,3.8,21.88,224.5428571,2207.7000000000003,224.5428571,2017-12-01,1.0,-3.7728570999999818,-1.6802391974195567,Decrease,28.0,-18.0,-64.28571428571429,0.0,112.77000000000001,21.77000000000001,Equal,Above,Above
watches5,watches_gifts,2018-02-01,21,4319.4,20.90238095,205.6857143,42,236,1,342,4.1,90,20,8,2,2,2018,27.27272727,3510,128.2416667,4.2,15.92666667,108.0,4.2,18.25363636,182.0,3.8,19.33,220.77,4319.4000003,220.77,2018-01-01,1.0,-15.08428570000001,-6.8325794718485335,Decrease,10.0,11.0,110.00000000000001,77.4440476,97.6857143,23.6857143,Above,Above,Above
watches5,watches_gifts,2018-03-01,16,3459.0,29.476875,216.1875,42,236,1,342,4.1,125,22,9,1,3,2018,20.77922078,3510,117.4412903,4.2,18.26129032,105.6428571,4.2,21.6652381,151.8784375,3.8,20.31375,205.6857143,3459.0,205.6857143,2018-02-01,1.0,10.5017857,5.1057438460129365,Increase,21.0,-5.0,-23.809523809523807,98.7462097,110.5446429,64.30906250000001,Above,Above,Above
watches5,watches_gifts,2018-04-01,13,2657.0,4.088461538,204.3846154,42,236,1,342,4.1,178,21,9,1,4,2018,16.88311688,3510,105.648625,4.2,2.181647059,105.0,4.2,13.63142857,150.1333333,3.8,19.44777778,216.1875,2657.0000002,216.1875,2018-03-01,1.0,-11.802884599999999,-5.459559225209597,Decrease,16.0,-3.0,-18.75,98.7359904,99.3846154,54.2512821,Above,Above,Above
watches5,watches_gifts,2018-05-01,17,3383.0,0.0,199.0,42,236,1,342,4.1,260,23,8,3,5,2018,22.07792208,3510,103.7925234,4.2,0.095438596,105.0,4.2,11.3772973,132.53125,3.8,15.7621875,204.3846154,3383.0,204.3846154,2018-04-01,1.0,-5.384615400000001,-2.6345502519657855,Decrease,13.0,4.0,30.76923076923077,95.2074766,94.0,66.46875,Above,Above,Above
watches6,watches_gifts,2017-06-01,4,652.0,14.265,163.0,33,523,3,584,4.2,17,22,8,1,6,2017,4.781275793,2288,163.0,4.2,14.265,163.0,4.2,14.265,185.0,3.8,14.74,162.95,652.0,,,,,,First Observation,,,,0.0,0.0,-22.0,Equal,Equal,Below
watches6,watches_gifts,2017-07-01,11,1777.5,15.52545455,161.5909091,33,523,3,584,4.2,29,21,10,1,7,2017,10.47341115,2288,161.5909091,4.2,15.52545455,161.5909091,4.2,15.52545455,197.383,3.8,16.606,163.0,1777.5000001,163.0,2017-06-01,1.0,-1.4090908999999954,-0.8644729447852733,Decrease,4.0,7.0,175.0,0.0,0.0,-35.792090900000005,Equal,Equal,Below
watches6,watches_gifts,2017-08-01,13,2088.7,15.18538462,160.6692308,33,523,3,584,4.2,48,23,8,1,8,2017,10.04303738,2288,160.6692308,4.2,15.18538462,160.6692308,4.2,15.18538462,179.9,3.8,14.92666667,161.5909091,2088.7000004,161.5909091,2017-07-01,1.0,-0.9216782999999964,-0.5703775695881622,Decrease,11.0,2.0,18.181818181818183,0.0,0.0,-19.230769199999997,Equal,Equal,Below
watches6,watches_gifts,2017-09-01,18,2762.5,14.04111111,148.7785714,33,523,3,584,4.2,54,21,9,1,9,2017,27.27272727,2288,148.7785714,4.2,14.04111111,148.7785714,4.2,14.04111111,164.57,3.8,19.528,160.6692308,2678.0142852,160.6692308,2017-08-01,1.0,-11.890659400000004,-7.400707242322843,Decrease,13.0,5.0,38.46153846153847,0.0,0.0,-15.791428599999989,Equal,Equal,Below
watches6,watches_gifts,2017-10-01,1,134.9,6.81,134.9,33,523,3,584,4.2,43,22,9,2,10,2017,1.515151515,2288,134.9,4.2,6.81,134.9,4.2,6.81,232.49,3.8,14.2125,148.7785714,134.9,148.7785714,2017-09-01,1.0,-13.878571399999998,-9.328340277368733,Decrease,18.0,-17.0,-94.44444444444444,0.0,0.0,-97.59,Equal,Equal,Below
watches6,watches_gifts,2017-11-01,15,1995.0,19.91666667,133.0,33,523,3,584,4.2,91,22,8,4,11,2017,22.72727273,2288,133.0,4.2,19.91666667,108.0,4.2,15.90846154,174.4333333,3.8,20.99277778,134.9,1995.0,134.9,2017-10-01,1.0,-1.9000000000000057,-1.4084507042253562,Decrease,1.0,14.0,1400.0,0.0,25.0,-41.43333329999999,Equal,Above,Below
watches6,watches_gifts,2017-12-01,4,596.0,19.1,149.0,33,523,3,584,4.2,73,21,10,1,12,2017,6.060606061,2288,149.0,4.2,19.1,108.0,4.2,16.65384615,185.96,3.8,18.686,133.0,596.0,133.0,2017-11-01,1.0,16.0,12.030075187969924,Increase,15.0,-11.0,-73.33333333333333,0.0,41.0,-36.96000000000001,Equal,Above,Below
watches6,watches_gifts,2018-02-01,6,769.45,15.92666667,128.2416667,33,523,3,584,4.2,90,20,8,2,2,2018,2.33463035,2288,128.2416667,4.2,15.92666667,108.0,4.2,18.25363636,182.0,3.8,19.33,128.1916667,769.4500002,149.0,2017-12-01,2.0,-20.758333300000004,-13.931767315436245,Decrease,4.0,2.0,50.0,0.0,20.241666699999996,-53.758333300000004,Equal,Above,Below
watches6,watches_gifts,2018-03-01,31,3640.68,18.26129032,117.4412903,33,523,3,584,4.2,125,22,9,1,3,2018,12.06225681,2288,117.4412903,4.2,18.26129032,105.6428571,4.2,21.6652381,151.8784375,3.8,20.31375,128.2416667,3640.6799993,128.2416667,2018-02-01,1.0,-10.80037639999999,-8.421893350205492,Decrease,6.0,25.0,416.6666666666667,0.0,11.798433200000005,-34.437147199999984,Equal,Above,Below
watches6,watches_gifts,2018-04-01,85,8961.49,2.181647059,105.648625,33,523,3,584,4.2,178,21,9,1,4,2018,33.07392996,2288,105.648625,4.2,2.181647059,105.0,4.2,13.63142857,150.1333333,3.8,19.44777778,117.4412903,8980.133125,117.4412903,2018-03-01,1.0,-11.79266530000001,-10.041328113711987,Decrease,31.0,54.0,174.19354838709677,0.0,0.6486249999999956,-44.48470830000001,Equal,Above,Below
watches6,watches_gifts,2018-05-01,114,11820.2,0.095438596,103.7925234,33,523,3,584,4.2,260,23,8,3,5,2018,44.35797665,2288,103.7925234,4.2,0.095438596,105.0,4.2,11.3772973,132.53125,3.8,15.7621875,105.648625,11832.3476676,105.648625,2018-04-01,1.0,-1.8561016000000023,-1.7568629975070686,Decrease,85.0,29.0,34.11764705882353,0.0,-1.2074766000000068,-28.738726600000007,Equal,Below,Below
watches6,watches_gifts,2018-06-01,9,1071.0,19.20666667,119.0,33,523,3,584,4.2,93,21,9,0,6,2018,4.781275793,2288,119.0,4.2,19.20666667,105.0,4.2,23.82357143,138.22,3.8,16.108,103.7925234,1071.0,103.7925234,2018-05-01,1.0,15.207476600000007,14.651803522873024,Increase,114.0,-105.0,-92.10526315789474,0.0,14.0,-19.22,Equal,Above,Below
watches6,watches_gifts,2018-07-01,11,1302.0,15.48,118.3636364,33,523,3,584,4.2,122,22,9,1,7,2018,10.47341115,2288,118.3636364,4.2,15.48,105.0,4.2,24.93875,155.0,3.8,16.47,119.0,1302.0000004,119.0,2018-06-01,1.0,-0.6363635999999957,-0.5347593277310888,Decrease,9.0,2.0,22.22222222222222,0.0,13.363636400000004,-36.636363599999996,Equal,Above,Below
watches6,watches_gifts,2018-08-01,1,112.0,13.44,112.0,33,523,3,584,4.2,61,23,8,1,8,2018,10.04303738,2288,112.0,4.2,13.44,105.0,4.2,23.38571429,145.5509091,3.8,21.89727273,118.3636364,112.0,118.3636364,2018-07-01,1.0,-6.363636400000004,-5.376344115091756,Decrease,11.0,-10.0,-90.9090909090909,0.0,7.0,-33.55090910000001,Equal,Above,Below
watches7,watches_gifts,2017-08-01,2,678.0,13.845,339.0,46,501,4,363,3.7,48,23,8,1,8,2017,6.060606061,3042,160.6692308,4.2,15.18538462,339.0,3.7,13.845,179.9,3.8,14.92666667,338.95,678.0,,,,,,First Observation,,,,178.3307692,0.0,159.1,Above,Equal,Above
watches7,watches_gifts,2017-09-01,1,339.0,13.94,339.0,46,501,4,363,3.7,54,21,9,1,9,2017,3.03030303,3042,148.7785714,4.2,14.04111111,339.0,3.7,13.94,164.57,3.8,19.528,339.0,339.0,339.0,2017-08-01,1.0,0.0,0.0,No Change,2.0,-1.0,-50.0,190.2214286,0.0,174.43,Above,Equal,Above
watches7,watches_gifts,2017-10-01,10,3461.58,13.455,346.158,46,501,4,363,3.7,43,22,9,2,10,2017,30.3030303,3042,134.9,4.2,6.81,346.158,3.7,13.455,232.49,3.8,14.2125,339.0,3461.58,339.0,2017-09-01,1.0,7.1580000000000155,2.111504424778766,Increase,1.0,9.0,900.0,211.258,0.0,113.668,Above,Equal,Above
watches7,watches_gifts,2017-11-01,9,3111.36,14.27555556,345.7066667,46,501,4,363,3.7,91,22,8,4,11,2017,27.27272727,3042,133.0,4.2,19.91666667,108.0,4.2,15.90846154,174.4333333,3.8,20.99277778,346.158,3111.3600003,346.158,2017-10-01,1.0,-0.4513332999999875,-0.1303836109522205,Decrease,10.0,-1.0,-10.0,212.70666670000003,237.70666670000003,171.27333340000004,Above,Above,Above
watches7,watches_gifts,2017-12-01,11,3836.8,16.10272727,348.8,46,501,4,363,3.7,73,21,10,1,12,2017,33.33333333,3042,149.0,4.2,19.1,108.0,4.2,16.65384615,185.96,3.8,18.686,345.7066667,3836.8,345.7066667,2017-11-01,1.0,3.0933332999999834,0.8947855502839752,Increase,9.0,2.0,22.22222222222222,199.8,240.8,162.84,Above,Above,Above
watches7,watches_gifts,2018-01-01,1,339.9,17.13,339.9,46,501,4,363,3.7,59,23,8,2,1,2018,1.111111111,3042,339.9,3.7,17.13,108.0,4.2,16.19636364,199.0,3.8,21.88,348.8,339.9,348.8,2017-12-01,1.0,-8.900000000000034,-2.5516055045871657,Decrease,11.0,-10.0,-90.9090909090909,0.0,231.89999999999998,140.89999999999998,Equal,Above,Above
watches7,watches_gifts,2018-02-01,5,1735.0,17.176,347.0,46,501,4,363,3.7,90,20,8,2,2,2018,5.555555556,3042,128.2416667,4.2,15.92666667,108.0,4.2,18.25363636,182.0,3.8,19.33,339.9,1735.0,339.9,2018-01-01,1.0,7.100000000000023,2.0888496616652024,Increase,1.0,4.0,400.0,218.7583333,239.0,165.0,Above,Above,Above
watches7,watches_gifts,2018-03-01,6,1847.0,18.22333333,307.8333333,46,501,4,363,3.7,125,22,9,1,3,2018,6.666666667,3042,117.4412903,4.2,18.26129032,105.6428571,4.2,21.6652381,151.8784375,3.8,20.31375,347.0,1846.9999997999998,347.0,2018-02-01,1.0,-39.16666670000001,-11.287223832853028,Decrease,5.0,1.0,20.0,190.392043,202.19047619999998,155.9548958,Above,Above,Above
watches7,watches_gifts,2018-04-01,6,1684.0,18.16833333,280.6666667,46,501,4,363,3.7,178,21,9,1,4,2018,6.666666667,3042,105.648625,4.2,2.181647059,105.0,4.2,13.63142857,150.1333333,3.8,19.44777778,307.8333333,1684.0000002000002,307.8333333,2018-03-01,1.0,-27.166666599999985,-8.825121798465087,Decrease,6.0,0.0,0.0,175.01804170000003,175.6666667,130.5333334,Above,Above,Above
watches7,watches_gifts,2018-05-01,23,5956.3,13.63130435,258.9695652,46,501,4,363,3.7,260,23,8,3,5,2018,25.55555556,3042,103.7925234,4.2,0.095438596,105.0,4.2,11.3772973,132.53125,3.8,15.7621875,280.6666667,5956.2999996,280.6666667,2018-04-01,1.0,-21.69710150000003,-7.730558728298044,Decrease,6.0,17.0,283.33333333333337,155.17704179999998,153.96956519999998,126.43831519999998,Above,Above,Above
watches7,watches_gifts,2018-06-01,4,983.6,14.795,245.9,46,501,4,363,3.7,93,21,9,0,6,2018,4.444444444,3042,119.0,4.2,19.20666667,105.0,4.2,23.82357143,138.22,3.8,16.108,258.9695652,983.6,258.9695652,2018-05-01,1.0,-13.069565199999971,-5.046757208672941,Decrease,23.0,-19.0,-82.6086956521739,126.9,140.9,107.68,Above,Above,Above
watches7,watches_gifts,2018-07-01,45,7651.27,17.95355556,169.3493182,46,501,4,363,3.7,122,22,9,1,7,2018,50.0,3042,118.3636364,4.2,15.48,105.0,4.2,24.93875,155.0,3.8,16.47,245.9,7620.719319,245.9,2018-06-01,1.0,-76.5506818,-31.130818137454252,Decrease,4.0,41.0,1025.0,50.985681799999995,64.3493182,14.349318199999999,Above,Above,Above
watches8,watches_gifts,2017-07-01,2,479.8,14.805,239.9,35,640,1,335,4.1,29,21,10,1,7,2017,31.19469027,2992,161.5909091,4.2,15.52545455,239.9,4.1,14.805,197.383,3.8,16.606,239.85,479.8,,,,,,First Observation,,,,78.3090909,0.0,42.516999999999996,Above,Equal,Above
watches8,watches_gifts,2017-10-01,2,479.8,11.22,239.9,35,640,1,335,4.1,43,22,9,2,10,2017,50.0,2992,134.9,4.2,6.81,239.9,4.1,11.22,232.49,3.8,14.2125,239.85,479.8,239.9,2017-07-01,3.0,0.0,0.0,No Change,2.0,0.0,0.0,105.0,0.0,7.409999999999997,Above,Equal,Above
watches8,watches_gifts,2018-01-01,2,459.8,16.36,229.9,35,640,1,335,4.1,59,23,8,2,1,2018,1.769911504,2992,229.9,4.1,16.36,108.0,4.2,16.19636364,199.0,3.8,21.88,229.85,459.8,239.9,2017-10-01,3.0,-10.0,-4.168403501458942,Decrease,2.0,0.0,0.0,0.0,121.9,30.900000000000006,Equal,Above,Above
watches8,watches_gifts,2018-02-01,11,2250.8,17.02545455,204.6181818,35,640,1,335,4.1,90,20,8,2,2,2018,9.734513274,2992,128.2416667,4.2,15.92666667,108.0,4.2,18.25363636,182.0,3.8,19.33,229.9,2250.7999998,229.9,2018-01-01,1.0,-25.281818200000004,-10.996876120052198,Decrease,2.0,9.0,450.0,76.3765151,96.6181818,22.618181800000002,Above,Above,Above
watches8,watches_gifts,2018-03-01,16,2680.0,17.154375,167.5,35,640,1,335,4.1,125,22,9,1,3,2018,14.15929204,2992,117.4412903,4.2,18.26129032,105.6428571,4.2,21.6652381,151.8784375,3.8,20.31375,204.6181818,2680.0,204.6181818,2018-02-01,1.0,-37.1181818,-18.14021680452641,Decrease,11.0,5.0,45.45454545454545,50.058709699999994,61.8571429,15.62156250000001,Above,Above,Above
watches8,watches_gifts,2018-04-01,26,3908.9,17.50192308,150.3423077,35,640,1,335,4.1,178,21,9,1,4,2018,23.00884956,2992,105.648625,4.2,2.181647059,105.0,4.2,13.63142857,150.1333333,3.8,19.44777778,167.5,3908.9000002,167.5,2018-03-01,1.0,-17.157692300000008,-10.243398388059706,Decrease,16.0,10.0,62.5,44.6936827,45.34230769999999,0.20897439999998824,Above,Above,Above
watches8,watches_gifts,2018-05-01,30,4355.0,16.259,145.1666667,35,640,1,335,4.1,260,23,8,3,5,2018,26.54867257,2992,103.7925234,4.2,0.095438596,105.0,4.2,11.3772973,132.53125,3.8,15.7621875,150.3423077,4355.000001,150.3423077,2018-04-01,1.0,-5.175640999999985,-3.4425712091154663,Decrease,26.0,4.0,15.384615384615385,41.374143300000014,40.16666670000001,12.635416700000007,Above,Above,Above
watches8,watches_gifts,2018-06-01,3,457.9,19.17,152.6333333,35,640,1,335,4.1,93,21,9,0,6,2018,2.654867257,2992,119.0,4.2,19.20666667,105.0,4.2,23.82357143,138.22,3.8,16.108,145.1666667,457.8999999,145.1666667,2018-05-01,1.0,7.466666599999996,5.143513156109409,Increase,30.0,-27.0,-90.0,33.633333300000004,47.633333300000004,14.413333300000005,Above,Above,Above
watches8,watches_gifts,2018-07-01,14,2200.0,16.65714286,157.1428571,35,640,1,335,4.1,122,22,9,1,7,2018,31.19469027,2992,118.3636364,4.2,15.48,105.0,4.2,24.93875,155.0,3.8,16.47,152.6333333,2199.9999994,152.6333333,2018-06-01,1.0,4.509523799999982,2.954481634189655,Increase,3.0,11.0,366.66666666666663,38.77922069999998,52.142857099999986,2.1428570999999863,Above,Above,Above
watches8,watches_gifts,2018-08-01,11,1737.4,14.59272727,157.9454545,35,640,1,335,4.1,61,23,8,1,8,2018,9.734513274,2992,112.0,4.2,13.44,105.0,4.2,23.38571429,145.5509091,3.8,21.89727273,157.1428571,1737.3999995000001,157.1428571,2018-07-01,1.0,0.8025974000000247,0.5107438001393095,Increase,14.0,-3.0,-21.428571428571427,45.94545450000001,52.94545450000001,12.394545399999998,Above,Above,Above
